ticker,publisher_name,title,url,summary,published_at
000660',한국경제,"""한 일 대만이 반도체 중심 美 독자 공급망은 불가능""",https://www.hankyung.com/it/article/2023062810001,"한국과 대만의 반도체 중심 공급망 구축이 미국의 독자적인 공급망 전략에 의해 불가능하다는 내용의 기사로, 이는 SK하이닉스와 같은 한국 반도체 기업들에게 부정적인 영향을 미칠 수 있는 요소로 작용할 수 있다. 이러한 공급망의 불확실성은 주가 변동에 중요한 영향을 미칠 것으로 예상된다.",20230628
000660',한국경제,"""메모리반도체 업황, 바닥 지났다""",https://www.hankyung.com/economy/article/2023062940221,"한국경제는 메모리 반도체 업황이 바닥을 지났다는 분석을 보도하며, 이는 SK하이닉스와 같은 반도체 기업들의 주가에 긍정적인 영향을 미칠 것으로 예상된다. 업황 회복에 대한 기대감이 커지면서 투자자들의 관심이 집중되고 있다.",20230629
000660',머니투데이,"'메이드 인 삼성' HBM으로 세계 거머쥔다 ""반격은 지금""",http://news.moneytoday.co.kr/view/mtview.php?no=2023070313441469680&type=2,"SK하이닉스가 엔비디아와 마이크로소프트, 아마존 등 주요 고객사로부터의 수요 증가로 인해 '반도체 슈퍼을'로 자리매김할 가능성이 높아지고 있다는 소식이 전해졌다. 이는 SK하이닉스의 고대역폭 메모리(HBM)에 대한 기대감을 높이며, 주가에 긍정적인 영향을 미쳤을 것으로 추정된다.",20230703
000660',머니투데이,"삼성 SK 감산효과 D램 가격 하락세 주춤 ""내년부터 회복""",http://news.moneytoday.co.kr/view/mtview.php?no=2023070514180122709&type=2,"SK하이닉스가 전략물자 자율준수 무역에서 'AAA' 등급을 획득했다는 소식이 전해졌다. 이는 회사의 무역 관리 능력이 인정받았음을 의미하며, 향후 글로벌 시장에서의 경쟁력 강화에 긍정적인 영향을 미칠 것으로 예상된다. 이러한 뉴스는 투자자들에게 신뢰를 주어 주가에 긍정적인 영향을 미쳤을 가능성이 높다.",20230705
000660',매일경제,ESG 넘어 DEI 챙겨야 전 세계 ‘열공 중’ [경영전략노트],http://www.mk.co.kr/article/10778729,API 오류로 인해 자동 선택됨,20230706
000660',머니투데이,32개국 1만개 교육기관이 찜한 韓 에듀테크...B2B 공략 본격화,http://news.moneytoday.co.kr/view/mtview.php?no=2023062809245326132&type=2,API 오류로 인해 자동 선택됨,20230707
000660',한국경제,"SK하이닉스, 이천 수처리센터 매각 추진 ""재무건전성 제고""",https://www.hankyung.com/economy/article/202307106012g,"SK하이닉스는 이천 수처리센터를 매각하여 1조 원을 확보할 계획을 발표했다. 이 매각은 회사의 재무 건전성을 개선하고 반도체 투자 재원을 마련하기 위한 전략으로, 시장에서 긍정적인 반응을 이끌어낼 것으로 예상된다.",20230710
000660',한국경제,"저스템 ""OLED 2차전지 장비도 성과낼 것""",https://www.hankyung.com/finance/article/2023071189491,"SK하이닉스는 비공식 투자자 관계(IR) 행사를 개최하며 ""HBM 1위 우리가 지킨다""는 의지를 밝혔습니다. 이는 반도체 업계에서의 경쟁력을 강화하고 시장에서의 신뢰를 높이는 데 기여할 것으로 예상되어 주가에 긍정적인 영향을 미쳤습니다.",20230711
000660',한국경제,"LG화학, 5년만에 외화 EB 발행 조달금리 2.5%p 낮춰",https://www.hankyung.com/economy/article/202307121132r,API 오류로 인해 자동 선택됨,20230712
000660',한국경제,"코스피, 외인 기관 밀어 올렸지만 2600선 돌파는 실패",https://www.hankyung.com/finance/article/2023071341986,"SK하이닉스와 삼성전자의 반도체 실적이 전망치를 웃돌며 시장의 기대감을 높이고 있습니다. 이는 반도체 업계의 바닥을 찍었다는 긍정적인 신호로 해석되며, SK하이닉스의 주가에 긍정적인 영향을 미쳤을 것으로 보입니다.",20230713
000660',이데일리,"[특징주]저스템, SK하닉 습도 제어 공급...애플 비전프로 단독 납품 ‘강세’",http://www.edaily.co.kr/news/newspath.asp?newsid=01748246635674520,"미국 엔비디아의 주가가 사상 최고치를 기록하면서 반도체 업계에 긍정적인 영향을 미쳤고, 이에 따라 삼성전자와 SK하이닉스의 주가도 강세를 보였다. 이 뉴스는 반도체 시장의 회복 기대감을 높이며 SK하이닉스의 주가 상승에 기여한 것으로 분석된다.",20230714
000660',매일경제,“지금 사두면 돈 벌 수 있을 걸”...‘9만전자’ 전망 힘받는 이유는 [MK위클리반도체],http://www.mk.co.kr/article/10790324,API 오류로 인해 자동 선택됨,20230721
000660',한국경제,"S&P ""SK하이닉스 차입금 부담으로 신용등급 유지 여력 충분치 않아""",https://www.hankyung.com/economy/article/202307277729r,S&P는 SK하이닉스의 차입금 부담이 크며 신용등급을 유지할 여력이 충분하지 않다고 발표했다. 이 뉴스는 투자자들에게 SK하이닉스의 재무 건전성에 대한 우려를 불러일으켜 주가에 부정적인 영향을 미쳤을 것으로 추정된다.,20230727
000660',매일경제,국내외 AI 관련주 투자해볼까? 네이버 SK하이닉스 한미반도체 ,http://www.mk.co.kr/article/10795821,API 오류로 인해 자동 선택됨,20230728
000660',한국경제,"美빅테크 앞다퉈 ""HBM 빨리 달라"" 삼성 SK 증설 경쟁",https://www.hankyung.com/economy/article/2023073150971,"미국의 주요 테크 기업들이 고대역폭 메모리(HBM) 수요 증가에 따라 삼성과 SK하이닉스의 증설 경쟁을 촉구하고 있다는 내용이다. 이는 반도체 시장에서 HBM의 중요성이 커지고 있음을 나타내며, SK하이닉스의 주가에 긍정적인 영향을 미칠 것으로 예상된다.",20230731
000660',한국경제,"삼성, 엔비디아에 'HBM 패키징' 공급한다",https://www.hankyung.com/economy/article/2023080179971,"삼성전자가 엔비디아에 HBM(고대역폭 메모리) 패키징을 공급하기로 결정하면서 반도체 시장에서의 경쟁력을 강화하고 있습니다. 이 뉴스는 SK하이닉스와 같은 반도체 기업들에게 긍정적인 영향을 미칠 것으로 예상되며, 주가 변동에 중요한 요인으로 작용했을 가능성이 높습니다.",20230801
000660',매일경제,5년 뒤 8조 시장 발동 거는 AMD에 불붙는 삼성 SK하이닉스 HBM 경쟁,http://www.mk.co.kr/article/10799345,"미국의 신용등급 강등 소식이 국내 증시에 큰 영향을 미쳤으며, 코스피가 2% 하락하고 외국인 투자자들이 대규모 매도에 나섰다는 내용이다. 이로 인해 SK하이닉스와 같은 반도체 주식들도 부정적인 영향을 받으며 주가가 하락세를 보였다.",20230802
000660',매일경제,월가자본 원천차단 中첨단산업 말려죽이기,http://www.mk.co.kr/article/10802700,"월가 자본이 중국의 첨단 산업에 대한 원천 차단을 강화하고 있다는 내용으로, 이는 SK하이닉스와 같은 반도체 기업에 부정적인 영향을 미칠 수 있다. 이러한 외부 요인은 SK하이닉스의 주가 변동에 큰 영향을 미쳤을 것으로 추정된다.",20230807
000660',이데일리,"코스피, 하락 전환해 2600선 하회 반도체 인터넷株↓",http://www.edaily.co.kr/news/newspath.asp?newsid=02361606635705352,"SK하이닉스는 '카눈'의 북상에 따라 삼성과 함께 비상 체제를 가동하며 반도체 생산 시설의 안전과 운영을 강화하고자 하고 있습니다. 이러한 조치는 반도체 산업의 안정성을 높이고, 주가에 긍정적인 영향을 미칠 것으로 예상됩니다.",20230808
000660',이데일리,[코스피 마감]CPI 안도에도 2600선 또 깨져 외인 기관 '팔자',http://www.edaily.co.kr/news/newspath.asp?newsid=02414086635706336,"SK하이닉스는 세계 최고 용량의 모바일용 'LPDDR5X D램'을 양산하기 시작했다고 발표했다. 이 소식은 반도체 시장에서의 경쟁력을 강화하고, 향후 매출 증가에 긍정적인 영향을 미칠 것으로 예상되어 주가에 긍정적인 영향을 미쳤을 것으로 보인다.",20230811
000660',매일경제,‘익절’은 늘 옳다는데 삼성전자의 ASML 지분 매각은? [MK위클리반도체],http://www.mk.co.kr/article/10810187,"삼성전자가 ASML의 지분을 매각한 결정에 대한 논의가 진행되고 있으며, 이로 인해 반도체 산업에 대한 시장의 우려가 커지고 있다. 이러한 결정은 SK하이닉스와 같은 반도체 기업의 주가에 직접적인 영향을 미칠 수 있어, 투자자들의 관심이 집중되고 있다.",20230818
000660',머니투데이,엔비디아 깜짝실적에 SK하닉이 더 크게 웃은 이유,http://news.moneytoday.co.kr/view/mtview.php?no=2023082415360157188&type=2,"엔비디아가 예상치를 크게 웃도는 실적을 발표하면서, SK하이닉스의 주가가 상승하는 긍정적인 영향을 받았다. 엔비디아의 실적 호조는 반도체 산업 전반에 훈풍을 불어넣어 SK하이닉스의 주가를 5% 이상 끌어올리는 데 기여했다.",20230824
000660',매일경제,‘갓비디아’가 삼성 SK 반도체 대박 이끌 3가지 이유 [MK위클리반도체],http://www.mk.co.kr/article/10815002,API 오류로 인해 자동 선택됨,20230825
000660',한국경제,'1초당 10조회 연산' AI 반도체 2030년까지 개발,https://www.hankyung.com/article/2023082989581,"SK하이닉스는 2030년까지 '1초당 10조회 연산'을 수행할 수 있는 AI 반도체를 개발할 계획을 발표했습니다. 이 기술 개발은 반도체 산업의 혁신을 이끌 것으로 기대되며, SK하이닉스의 주가에 긍정적인 영향을 미칠 것으로 보입니다.",20230829
000660',이데일리,"DDR5 가격 올들어 첫 상승 삼성 SK, 고부가제품으로 '업턴 승부수'",http://www.edaily.co.kr/news/newspath.asp?newsid=03362006635712896,"DDR5 메모리 가격이 올해 들어 처음으로 상승세를 보이며, SK하이닉스와 삼성전자가 고부가가치 제품으로 시장에서 경쟁력을 강화하고 있다는 내용이다. 이 뉴스는 반도체 산업의 회복 가능성을 시사하며, SK하이닉스의 주가에 긍정적인 영향을 미쳤을 것으로 추정된다.",20230831
000660',한국경제,"코스피, 7만전자 업고 소폭 상승 하이닉스는 하락",https://www.hankyung.com/article/2023090177236,"삼성전자가 엔비디아에 HBM3 공급을 확정하며 SK하이닉스와의 경쟁이 심화될 것이라는 소식이 전해졌다. 이로 인해 SK하이닉스의 주가에 부정적인 영향을 미쳤을 것으로 보이며, 반도체 시장 내 경쟁 구도가 더욱 치열해질 것으로 예상된다.",20230901
000660',한국경제,"코스피, 0.73% 밀려 2560선 인플레 우려에 투심 위축",https://www.hankyung.com/article/2023090686316,'치솟는 유가'로 인한 인플레이션 우려가 커지면서 코스피와 코스닥이 동반 하락했다는 뉴스가 보도되었다. 이러한 경제적 불안정성은 투자자들의 심리를 위축시켜 SK하이닉스와 같은 주요 기업의 주가에 부정적인 영향을 미쳤을 것으로 추정된다.,20230906
000660',이데일리,"SK하이닉스 경기도, 전국 최초 재난현장 봉사자 '쉼터버스' 도입",http://www.edaily.co.kr/news/newspath.asp?newsid=02837206635738152,"SK하이닉스의 주가는 미국과 중국 간의 갈등이 심화되면서 급락세를 보였다. 특히, 화웨이와 관련된 이슈가 SK하이닉스에 부정적인 영향을 미치며 반도체 주식 전반에 걸쳐 하락세를 이끌었다. 이와 같은 외부 요인으로 인해 SK하이닉스의 주가는 4% 이상 하락하였다.",20230908
000660',한국경제,[특파원 칼럼] 화웨이발 '나비효과' 막으려면,https://www.hankyung.com/article/2023091100301,API 오류로 인해 자동 선택됨,20230911
000660',한국경제,"경기 회복 약해, 약세장도 대비를 고배당 정책수혜주 '관심'",https://www.hankyung.com/article/2023091372971,API 오류로 인해 자동 선택됨,20230913
000660',한국경제,"선물옵션 만기일 맞은 코스피, 1% '상승' 코스닥, 4일만 '반등'",https://www.hankyung.com/article/2023091496516,"SK하이닉스가 인텔과 협력하여 DDR5 메모리의 성능을 검증하고 이를 백서를 통해 공개했다. 이 발표는 반도체 시장에서의 기술적 우위를 강조하며, SK하이닉스의 주가에 긍정적인 영향을 미칠 것으로 예상된다.",20230914
000660',한국경제,TSMC 악재에 반도체株 찬바람 코스피 2600 무너져,https://www.hankyung.com/article/2023091883701,"TSMC의 악재가 반도체 주식에 부정적인 영향을 미치며, 코스피가 2600선을 무너뜨리는 결과를 초래했다. SK하이닉스와 같은 대형 반도체 주식이 하락세를 보이며 투자자들의 우려가 커지고 있다.",20230918
000660',한국경제,"도시바, JIP컨소시엄에 팔렸다 몸값 2조엔",https://www.hankyung.com/article/2023092052921,API 오류로 인해 자동 선택됨,20230920
000660',매일경제,美상무부 부장관 “한국 반도체기업들의 中합법적 사업은 허용”,http://www.mk.co.kr/article/10835293,"미국 상무부 부장관이 한국 반도체 기업들의 중국 내 합법적인 사업을 허용한다고 발표하면서, 한국 반도체 산업에 긍정적인 신호를 주었다. 이 뉴스는 SK하이닉스와 같은 반도체 기업들의 주가에 긍정적인 영향을 미쳤을 것으로 예상된다.",20230921
000660',이데일리,"코스피, 美 증시 반등에도 하락 연일 2500선 하회",http://www.edaily.co.kr/news/newspath.asp?newsid=01656406635744056,"교보증권은 SK하이닉스가 3분기 D램 사업에서 흑자 전환할 것이라는 긍정적인 전망을 발표했습니다. 이는 반도체 시장의 회복 신호로 해석되며, SK하이닉스의 주가에 긍정적인 영향을 미쳤을 것으로 보입니다.",20230926
000660',머니투데이,"[경이로운 소문] SK하이닉스, '괴물D램' HBM 생산 늘린다 관련주 어디까지 오를까?",http://news.moneytoday.co.kr/view/mtview.php?no=2023100515567078881&type=2,"SK하이닉스가 '괴물D램' HBM 생산을 확대할 계획을 밝혔으며, 이는 반도체 시장에서의 경쟁력을 강화하고 관련 주식의 상승을 이끌 것으로 기대된다. 이 뉴스는 SK하이닉스의 주가에 긍정적인 영향을 미쳤을 것으로 보인다.",20231005
000660',한국경제,무탄소연합 창립총회 초대 회장에 이회성,https://www.hankyung.com/article/2023101246671,API 오류로 인해 자동 선택됨,20231012
000660',이데일리,"코스피, 돌아온 외국인에 1%대↑ 삼성전자 2%↑",http://www.edaily.co.kr/news/newspath.asp?newsid=02820806635773904,"SK하이닉스가 3분기 1.6조 원의 적자가 예상됨에도 불구하고 52주 신고가를 경신했다는 소식이 전해졌다. 이는 HBM(고대역폭 메모리) 기술을 통한 차별화된 생산능력 증가가 긍정적인 영향을 미쳤음을 나타내며, 투자자들의 신뢰를 높이는 요소로 작용했다.",20231017
000660',머니투데이,"與 유의동, 기촉법 재입법 野 협조 부탁 ""한계기업 줄도산 막아야""",http://news.moneytoday.co.kr/view/mtview.php?no=2023101918460339339&type=2,API 오류로 인해 자동 선택됨,20231019
000660',한국경제,"국회 교통위원회, 경기도 국감 몇몇 의원 '정책 질의' 관심",https://www.hankyung.com/article/202310239569h,API 오류로 인해 자동 선택됨,20231023
000660',이데일리,"코스피, 美 금리 급등세 진정에 닷세 만에 상승세 2360선",http://www.edaily.co.kr/news/newspath.asp?newsid=01594086635776200,"SK하이닉스가 AI 반도체 분야에서 독보적인 위치를 차지하고 있다는 분석이 나왔으며, 외국인 투자자들의 매수세가 유입되면서 주가가 급등했다. 이러한 긍정적인 전망은 반도체 산업 전반에 대한 신뢰를 높이고, SK하이닉스의 주가 상승에 크게 기여한 것으로 보인다.",20231024
000660',한국경제,SK하이닉스 D램 흑자에도 낸드 적자 여전,https://www.hankyung.com/article/2023102692011,"SK하이닉스는 3분기 영업손실이 1조7920억원으로 집계되었으나, D램 부문에서 흑자 전환을 이루어 적자폭을 줄였다고 발표했다. 그러나 여전히 낸드 부문에서 적자가 지속되고 있어 향후 실적 회복에 대한 우려가 남아있다. 이러한 소식은 SK하이닉스의 주가에 부정적인 영향을 미쳤을 것으로 예상된다.",20231026
000660',한국경제,외인 5000억 매도 폭탄 코스피 2300 또 붕괴,https://www.hankyung.com/article/2023103121061,외국인 투자자들이 5000억 원 규모의 매도세를 보이며 코스피 지수가 2300선을 또다시 붕괴시켰다는 소식이 전해졌다. 이로 인해 SK하이닉스와 같은 반도체 관련 주식에 부정적인 영향을 미쳤을 것으로 추정된다.,20231031
000660',한국경제,D램 '감산 효과' 2년3개월 만에 가격 반등,https://www.hankyung.com/article/2023110157761,"D램 가격이 2년 3개월 만에 반등하며 상승세를 보였다는 소식이 전해졌다. 이는 반도체 시장의 회복 신호로 해석되며, SK하이닉스와 같은 반도체 기업들의 주가에 긍정적인 영향을 미칠 것으로 예상된다.",20231101
000660',이데일리,[코스피 마감]FOMC 훈풍에 돌아온 외국인 2340선 회복,http://www.edaily.co.kr/news/newspath.asp?newsid=03365286635801784,"SK하이닉스의 곽노정 사장이 메모리 반도체 시장의 반등을 예상하며 내년에는 흑자전환이 가능할 것이라고 언급했다. 이 발언은 SK하이닉스의 주가에 긍정적인 영향을 미쳤으며, 시장의 기대감을 높이는 데 기여했다.",20231102
000660',매일경제,좋다 말았네 ‘공매도 전면 금지’에 시총 2위서 멀어진 SK하이닉스,http://www.mk.co.kr/article/10867690,"'공매도 전면 금지' 조치가 시행된 첫날, SK하이닉스의 주가는 급락하며 시가총액 2위에서 멀어졌다. 이로 인해 시장의 불안감이 커졌고, SK하이닉스의 주가는 공매도 금지의 영향을 직접적으로 받으며 하락세를 보였다.",20231106
000660',매일경제,임직원에 자사주 300억 지급 곽동신 한미반도체 부회장 [CEO 라운지],http://www.mk.co.kr/article/10865144,API 오류로 인해 자동 선택됨,20231107
000660',매일경제,“이러니 닥치고 대기업이지” 적자 나도 성과급 주는 곳은 [방영덕의 디테일],http://www.mk.co.kr/article/10868966,API 오류로 인해 자동 선택됨,20231108
000660',한국경제,SK하이닉스 투자 소식에 한미반도체 급등,https://www.hankyung.com/article/2023111085281,"SK하이닉스의 투자 소식이 전해지면서 한미반도체 주가가 급등했습니다. 이는 SK하이닉스의 긍정적인 투자 전망이 반도체 산업 전반에 대한 투자 심리를 자극했음을 나타내며, SK하이닉스의 주가에도 긍정적인 영향을 미쳤을 것으로 보입니다.",20231110
000660',한국경제,엔비디아 새 AI칩에 삼성 SK 'HBM 특수',https://www.hankyung.com/article/2023111463001,엔비디아가 새 AI 칩을 출시하면서 삼성과 SK하이닉스의 HBM(고대역폭 메모리) 기술이 주목받고 있다. 이 뉴스는 반도체 업계의 경쟁력과 SK하이닉스의 주가에 긍정적인 영향을 미칠 것으로 예상된다.,20231114
000660',한국경제,"큰손, 삼성전자 폭풍 매수 코스피 2500 눈앞",https://www.hankyung.com/article/2023111592971,SK하이닉스와 삼성전자가 미국 반도체 시장의 긍정적인 흐름에 힘입어 각각 1~2%의 주가 상승을 기록했다. 이 뉴스는 반도체 산업에 대한 외국인의 관심이 재개되고 있다는 점에서 SK하이닉스의 주가에 긍정적인 영향을 미쳤을 것으로 보인다.,20231115
000660',이데일리,"""내년 반도체株 안 좋으면 외인 이탈 금리 영향 우려도""",http://www.edaily.co.kr/news/newspath.asp?newsid=03703126635806376,"""내년 반도체株 안 좋으면 외인 이탈 금리 영향 우려도""라는 뉴스는 반도체 산업의 전망이 부정적일 경우 외국인 투자자들이 이탈할 가능성을 경고하고 있습니다. 이는 SK하이닉스와 같은 반도체 기업의 주가에 직접적인 영향을 미칠 수 있는 중요한 요소로, 투자자들의 심리와 시장의 전반적인 흐름에 큰 영향을 줄 수 있습니다.",20231116
000660',한국경제,SK하이닉스 기술진 美 '혁신의 오스카상' 수상,https://www.hankyung.com/article/2023111759901,"SK하이닉스의 기술진이 미국에서 '혁신의 오스카상'으로 불리는 R&D 100 어워드를 수상했다. 이 상은 SK하이닉스의 차세대 저장장치 개발을 인정받은 것으로, 회사의 기술력과 시장 경쟁력을 강화하는 긍정적인 신호로 해석될 수 있다.",20231117
000660',한국경제,"SK하이닉스, 美 콘퍼런스서 차세대 AI용 메모리 선보여",https://www.hankyung.com/article/2023112006061,SK하이닉스는 미국에서 열린 콘퍼런스에서 차세대 AI용 메모리를 선보이며 기술 혁신을 강조했습니다. 이 발표는 반도체 산업의 미래 성장 가능성을 부각시켜 SK하이닉스의 주가에 긍정적인 영향을 미쳤을 것으로 추정됩니다.,20231120
000660',매일경제,홍콩 찾은 삼성 경영진이 귀띔해준 ‘이 기술’에 큰손 투자자들 깜짝 [위클리반도체],http://www.mk.co.kr/article/10882559,"삼성 경영진이 홍콩에서 공개한 새로운 기술이 투자자들에게 큰 주목을 받으며, 반도체 산업에 대한 기대감을 높이고 있습니다. 이로 인해 SK하이닉스와 같은 주요 반도체 기업의 주가에 긍정적인 영향을 미칠 것으로 예상됩니다.",20231124
000660',한국경제,"반도체 검사 강자 큐알티, HBM 특수에 '방긋'",https://www.hankyung.com/article/2023112766461,"반도체 검사 전문 기업 큐알티가 HBM(고대역폭 메모리) 분야에서 긍정적인 실적을 발표하며 주목받고 있다. 이 뉴스는 SK하이닉스와 같은 반도체 기업들에게 긍정적인 신호로 작용할 가능성이 높아, 주가에 긍정적인 영향을 미쳤을 것으로 추정된다.",20231127
000660',이데일리,D램 낸드 가격 두 달째 상승 감산 효과 가시화,http://www.edaily.co.kr/news/newspath.asp?newsid=03676886635810968,"D램과 낸드 가격이 두 달 연속 상승세를 보이며, 이는 감산 효과가 가시화된 결과로 분석되고 있다. 이러한 가격 상승은 SK하이닉스의 실적 개선에 긍정적인 영향을 미칠 것으로 예상되며, 주가에 긍정적인 영향을 미쳤을 가능성이 높다.",20231130
000660',매일경제,HBM 큰손 엔비디아 잡아라  메모리 3파전,http://www.mk.co.kr/article/10890526,"반도체 시장에서 HBM(High Bandwidth Memory) 수요가 증가하며 엔비디아와의 경쟁이 치열해지고 있다는 소식이 전해졌다. 이로 인해 SK하이닉스와 같은 메모리 반도체 기업들이 주목받고 있으며, 이는 SK하이닉스의 주가에 긍정적인 영향을 미쳤을 것으로 보인다.",20231204
000660',머니투데이,코스피 6거래일 만에 2500 밑으로 기관 매도세 강했다,http://news.moneytoday.co.kr/view/mtview.php?no=2023120515494916554&type=2,"SK하이닉스의 솔리다임 수장이 네 번째로 교체되었다는 소식이 전해졌다. 이 같은 인사 변화는 회사의 실적 부진과 관련이 있으며, SK하이닉스의 주가에 부정적인 영향을 미칠 수 있는 요소로 작용할 가능성이 있다.",20231205
000660',이데일리,"코스피, 美AI 훈풍에 2510선 안착 반도체株 강세",http://www.edaily.co.kr/news/newspath.asp?newsid=01662966635836552,"KB증권은 SK하이닉스의 목표주가를 16만원으로 설정하며, 시가총액이 최대 150조원에 이를 수 있다고 전망했습니다. 이러한 긍정적인 전망은 SK하이닉스의 주가 상승 여력을 강조하며, 반도체 산업에 대한 기대감을 높이는 데 기여했습니다.",20231208
000660',이데일리,폴더블 디스플레이 시장 확대되나? 기회를 더 크게 살리려면,http://www.edaily.co.kr/news/newspath.asp?newsid=33928326635837536,SK하이닉스가 4분기 영업흑자 전환을 기대하며 메모리 가격 상승률이 클 것으로 전망되었다. 이러한 긍정적인 전망은 SK하이닉스의 주가에 긍정적인 영향을 미쳤을 것으로 보인다.,20231211
000660',매일경제,"尹 '반도체 순방' ASML, 2나노 최첨단장비 첫 공개",http://www.mk.co.kr/article/10897102,"윤석열 대통령이 네덜란드의 반도체 장비 제조사 ASML을 방문하여 2나노 최첨단 장비를 공개했다. 이 뉴스는 한국 반도체 산업의 기술력 향상과 글로벌 경쟁력 강화를 시사하며, SK하이닉스와 같은 주요 반도체 기업의 주가에 긍정적인 영향을 미칠 것으로 예상된다.",20231212
000660',머니투데이,"S&P, SK하이닉스 전망 '안정적' 상향 ""AI 메모리 수요 확대""",http://news.moneytoday.co.kr/view/mtview.php?no=2023121419225190611&type=2,"S&P가 SK하이닉스의 신용 전망을 '안정적'으로 상향 조정하며, AI 메모리 수요의 확대가 긍정적인 영향을 미칠 것이라고 보도했다. 이는 SK하이닉스의 주가에 긍정적인 영향을 주었고, 시장에서의 신뢰도를 높이는 데 기여했다.",20231214
000660',한국경제,"코스피, 0.9% 상승하며 2560선 올라 코스닥은 하락 전환",https://www.hankyung.com/article/2023121588636,SK하이닉스가 네덜란드에서의 반도체 성과로 인해 52주 신고가를 기록하며 주가가 상승세를 보였다. 이는 반도체 업황의 회복 기대감과 함께 외국인 투자자들의 관심을 끌어 SK하이닉스의 주가에 긍정적인 영향을 미쳤다.,20231215
000660',머니투데이,"[MTN머니로 상한가 포착] 삼성전자와 MCU 추가공급 계약체결, 어보브반도체 상한가",http://news.moneytoday.co.kr/view/mtview.php?no=2023121912267065458&type=2,SK하이닉스는 내년 시가총액이 120조원을 넘어설 것이라는 전망이 나왔다. 이는 반도체 업황 회복에 대한 기대감과 함께 SK하이닉스의 성장 가능성을 높게 평가하는 시장의 반응을 반영하고 있다. 이러한 긍정적인 전망은 주가에 긍정적인 영향을 미쳤을 것으로 추정된다.,20231219
000660',머니투데이,"'HBM 대장주' SK하이닉스, 빅사이클 기대 ""상승여력 50%""",http://news.moneytoday.co.kr/view/mtview.php?no=2023122014533034958&type=2,SK하이닉스가 엔비디아의 최대 수혜주로 평가받으며 HBM(고대역폭 메모리) 시장에서 독주를 이어갈 것이라는 전망이 제기됐다. KB증권은 이러한 긍정적인 전망이 SK하이닉스의 주가 상승에 기여할 것이라고 분석하였다.,20231220
000660',이데일리,"""SK하이닉스, 1조3000억원 규모 달러채권 발행 계획""",http://www.edaily.co.kr/news/newspath.asp?newsid=03867126638754112,SK하이닉스는 1조3000억원 규모의 달러채권 발행 계획을 발표했다. 이 뉴스는 회사의 자금 조달 능력과 향후 투자 계획에 대한 긍정적인 신호로 해석되어 주가에 긍정적인 영향을 미쳤을 것으로 예상된다.,20240103
000660',한국경제,"""1분기 D램 값, 최대 18% 오른다""",https://www.hankyung.com/article/2024010898371,"""1분기 D램 값, 최대 18% 오른다""는 뉴스는 반도체 산업의 주요 기업인 SK하이닉스에 긍정적인 영향을 미칠 것으로 예상된다. D램 가격 상승은 SK하이닉스의 매출 증가와 수익성 개선에 기여할 수 있으며, 이는 주가 상승으로 이어질 가능성이 높다.",20240108
000660',매일경제,"SK하이닉스 ""AI시대 메모리 더 중요해져  3년내 시총 200조""",http://www.mk.co.kr/article/10917233,"SK하이닉스는 D램 수요가 회복됨에 따라 감산 완화를 검토하고 있다는 소식을 전했습니다. 이는 반도체 시장의 회복 신호로 해석되며, SK하이닉스의 주가에 긍정적인 영향을 미칠 것으로 예상됩니다.",20240109
000660',매일경제,"단국대 경영대학원, 첨단비즈니스 최고경영자과정 신설",http://www.mk.co.kr/article/10917888,"SK하이닉스의 주가에 긍정적인 영향을 미칠 것으로 예상되는 뉴스는 '반도체 메카' 용인에 29개 소부장 기업이 입주 협약을 체결했다는 내용이다. 이는 반도체 산업의 발전과 관련된 인프라 확장을 의미하며, SK하이닉스와 같은 반도체 기업의 성장 가능성을 높이는 요소로 작용할 수 있다.",20240110
000660',한국경제,"안덕근 산업장관 ""반도체 클러스터 조속히 조성할 것""",https://www.hankyung.com/article/202401117523i,"안덕근 산업장관이 반도체 클러스터 조성을 조속히 추진하겠다고 발표하며, 이는 SK하이닉스를 포함한 반도체 기업들에게 긍정적인 신호로 작용할 것으로 예상된다. 반도체 산업의 중요성이 강조되면서 관련 주식의 투자 심리가 개선될 가능성이 높아졌다.",20240111
000660',매일경제,"외국계 IB ""삼전 어닝쇼크? 11만전자 간다""",http://www.mk.co.kr/article/10919968,"외국계 투자은행이 삼성전자의 실적 부진을 예고하며 주가가 11만 원까지 하락할 가능성을 제기했습니다. 이 뉴스는 SK하이닉스와 같은 반도체 기업의 주가에도 부정적인 영향을 미칠 것으로 예상되어, 시장 전반에 불안감을 조성했습니다.",20240112
000660',이데일리,"""애플 넘어선 MS AI, 글로벌 기업 중장기 영향력 확대""",http://www.edaily.co.kr/news/newspath.asp?newsid=01515366638758376,"SK하이닉스가 4분기 실적에서 흑자전환이 예상되며, 목표 주가가 15만원으로 상향 조정되었다는 소식이 전해졌다. 이는 반도체 시장의 회복 기대감과 함께 SK하이닉스의 실적 개선 전망이 긍정적으로 작용하여 주가에 긍정적인 영향을 미쳤을 것으로 보인다.",20240116
000660',매일경제,“금요일인데 왜 출근안해?” ‘주 4일제’ 세계 최초로 도입하는 K철강회사,http://www.mk.co.kr/article/10924567,API 오류로 인해 자동 선택됨,20240118
000660',한국경제,"""땡큐 TSMC"" 코스피 1%대 ↑ 삼전 하이닉스 3~4% 상승",https://www.hankyung.com/article/2024011966156,"""고맙다 TSMC""라는 제목의 기사에서는 TSMC의 긍정적인 영향으로 삼성전자와 SK하이닉스의 주가가 급등했다는 내용을 다루고 있다. TSMC의 성장이 한국 반도체 기업들에게 긍정적인 영향을 미치며, 이로 인해 두 기업의 주가가 동반 상승세를 보였다는 점이 강조되었다.",20240119
000660',매일경제,‘대감집 직원’ 300만명 시대 머리숫자로도 이 회사가 1등이네,http://www.mk.co.kr/article/10926949,"SK하이닉스가 900억 원의 적자에서 700억 원대 흑자로 전환할 것이라는 전망이 나왔다. 이는 회사의 실적 개선 기대감을 높이며, 주가에 긍정적인 영향을 미칠 것으로 예상된다.",20240123
000660',한국경제,"샘 올트먼, 삼성 SK와 'AI 반도체 동맹' 맺나",https://www.hankyung.com/article/2024012643791,"샘 올트먼이 삼성과 SK의 경영진과 만나 AI 반도체 개발에 대한 협력을 논의했다. 이 회동은 반도체 산업의 미래와 AI 기술의 융합에 대한 기대감을 높이며, SK하이닉스의 주가에 긍정적인 영향을 미쳤을 것으로 보인다.",20240126
000660',이데일리,"[미리 보는 이데일리 신문]“60% 상속세율, OECD 평균인 26%로 낮춰야”",http://www.edaily.co.kr/news/newspath.asp?newsid=03512886638762968,API 오류로 인해 자동 선택됨,20240130
000660',한국경제,"기지개 켜는 하이닉스 덕분에 SK그룹, 5조 현금 마련 순풍",https://www.hankyung.com/article/202401313180r,"SK하이닉스의 실적 개선 기대감으로 인해 SK그룹이 5조 원의 현금을 마련할 수 있는 기회를 얻었다는 내용의 뉴스입니다. 이는 반도체 산업의 회복세와 관련이 있으며, SK하이닉스의 긍정적인 전망이 주가에 긍정적인 영향을 미쳤을 것으로 보입니다.",20240131
000660',한국경제,"누구와 손 잡을까 샘 올트먼, TSMC 삼성 이어 인텔 회동",https://www.hankyung.com/article/202402018057i,"SK하이닉스가 미국 인디애나주에 첨단 반도체 공장을 건설할 예정이라는 소식이 전해졌다. 이 공장은 반도체 산업의 경쟁력을 높이는 중요한 투자로, SK하이닉스의 성장 가능성을 높이는 긍정적인 신호로 해석되고 있다.",20240201
000660',머니투데이,한 미 일 중 반도체 전문가 한자리에..제9회 ICMAP 성료,http://news.moneytoday.co.kr/view/mtview.php?no=2024020215423783509&type=2,"SK하이닉스가 일본 회사에 4조 원을 투자한 이후, 예상치 못한 손실로 인해 어려움을 겪고 있다는 내용의 기사이다. 이로 인해 SK하이닉스의 주가에 부정적인 영향을 미칠 것으로 예상되며, 투자자들의 우려가 커지고 있다.",20240202
000660',매일경제,금리인하 또 미룬 파월 코스피 랠리 '찬물',http://www.mk.co.kr/article/10937177,"SK하이닉스의 착공이 내년 상반기로 앞당겨질 예정이라는 소식이 전해졌다. 이는 반도체 산업에 대한 긍정적인 전망을 제시하며, SK하이닉스의 주가에 긍정적인 영향을 미칠 것으로 예상된다.",20240205
000660',머니투데이,"SK하이닉스, 내년 생산 제품 속 재활용 소재 비율 25%로↑",http://news.moneytoday.co.kr/view/mtview.php?no=2024020609164350094&type=2,"SK하이닉스는 설날을 앞두고 협력사에 2400억원을 조기 지급하기로 결정했다. 이 조치는 협력사와의 관계를 강화하고, 반도체 산업의 안정성을 높이는 데 기여할 것으로 기대된다. 이러한 긍정적인 소식은 SK하이닉스의 주가에 긍정적인 영향을 미쳤을 것으로 보인다.",20240206
000660',머니투데이,"""반도체 살아난다"" 삼성 SK '감산 조정' 빨라질까",http://news.moneytoday.co.kr/view/mtview.php?no=2024020811333036025&type=2,"""반도체 살아난다""라는 제목의 뉴스에서는 삼성과 SK가 감산 조정을 조기에 진행할 가능성이 언급되며, 반도체 시장의 회복 기대감이 높아지고 있음을 강조하고 있습니다. 이러한 긍정적인 전망은 SK하이닉스의 주가에 긍정적인 영향을 미쳤을 것으로 추정됩니다.",20240208
000660',머니투데이,"[탑픽전쟁] 유니트론텍 vs 코어라인소프트, 승리 전략은?",http://news.moneytoday.co.kr/view/mtview.php?no=2024021317047045368&type=2,API 오류로 인해 자동 선택됨,20240213
000660',매일경제,삼성도 고개숙이는 한국 기업? 한국판 슈퍼乙 꿈꾸는 이 기업은? [위클리반도체],http://www.mk.co.kr/article/10944054,API 오류로 인해 자동 선택됨,20240216
000660',이데일리,"한-네덜란드, 정부간 반도체 협력 확대 논의",http://www.edaily.co.kr/news/newspath.asp?newsid=03509606638792160,API 오류로 인해 자동 선택됨,20240219
000660',한국경제,[사설] 日은 반도체 국가 총력전 韓은 여전히 기업만 쳐다봐,https://www.hankyung.com/article/2024022070041,API 오류로 인해 자동 선택됨,20240220
000660',매일경제,"제주반도체, ‘온디바이스 AI’ 타고 훨훨 시총 1조 ‘훌쩍’ [영업이익 강소기업]",http://www.mk.co.kr/article/10944316,API 오류로 인해 자동 선택됨,20240222
000660',머니투데이,엔비디아 급등 SK하이닉스 연일 신고가 행진,http://news.moneytoday.co.kr/view/mtview.php?no=2024022309201871254&type=2,"엔비디아의 호실적이 반도체 업계에 긍정적인 영향을 미치며 SK하이닉스의 주가가 사상 최고가를 경신했다. 이로 인해 SK하이닉스는 5% 급등하며 시장에서 주목받고 있으며, 엔비디아의 성공이 한국 반도체 기업들에게도 긍정적인 신호로 작용하고 있다.",20240223
000660',한국경제,삼성전자 IR팀장의 자신감 자사주 3억 샀다,https://www.hankyung.com/article/2024022739951,"마이크론이 HBM3E 메모리의 첫 양산을 시작하면서 SK하이닉스의 주가에 부정적인 영향을 미쳤다. 이로 인해 SK하이닉스는 시장 점유율과 경쟁력에 대한 우려로 주가가 급락하였으며, 반도체 시장에서의 경쟁이 더욱 치열해질 것으로 예상된다.",20240227
000660',머니투데이,"[탑픽전쟁] 국전약품 vs 쇼박스, 승리 전략은?",http://news.moneytoday.co.kr/view/mtview.php?no=2024022819047054145&type=2,API 오류로 인해 자동 선택됨,20240228
000660',매일경제,"“삼성 내릴 때 12% 올랐다” 그룹주 ETF 1위는 ‘이 것’ [오늘, 이 종목]",http://www.mk.co.kr/article/10954308,API 오류로 인해 자동 선택됨,20240229
000660',한국경제,"코스피, 1% 올라 2670선 회복 '파죽지세' 하이닉스 신고가",https://www.hankyung.com/article/2024030455686,"SK하이닉스가 미국 반도체 시장의 강세와 함께 52주 신고가를 경신하며 주가가 4% 이상 상승했다. 이는 AI 반도체 열풍과 함께 국내 반도체 주식에 대한 외국인 및 기관의 매수세가 강화된 결과로, SK하이닉스의 주가에 긍정적인 영향을 미쳤다.",20240304
000660',매일경제,"오픈AI, 자체 반도체 개발에 ‘1경’ 투자  ‘타도 엔비디아’ 빅테크 참전에 시장 ‘쑥’",http://www.mk.co.kr/article/10953679,"오픈AI가 자체 반도체 개발에 1경 원을 투자하며 엔비디아의 시장 지배에 도전하겠다고 발표했습니다. 이로 인해 반도체 시장의 경쟁이 심화될 것으로 예상되며, SK하이닉스와 같은 기업들에게 긍정적인 영향을 미칠 수 있습니다.",20240306
000660',매일경제,미국회사 이직한 SK하이닉스 직원에 “매일 1000만원 내라”...법원서 제동 왜,http://www.mk.co.kr/article/10959237,"SK하이닉스의 전 직원이 미국으로 이직하면서 비밀유지 서약을 위반했다는 이유로 법원에서 매일 1000만원의 손해배상금을 부과하라는 판결이 내려졌다. 이 사건은 SK하이닉스의 인재 유출 및 기술 보호에 대한 우려를 불러일으키며, 반도체 산업의 경쟁력에 부정적인 영향을 미칠 수 있다.",20240307
000660',이데일리,"코스피, 1%대 상승 2680선 SK하이닉스 5% '강세'",http://www.edaily.co.kr/news/newspath.asp?newsid=02112326638821352,"SK하이닉스의 주가는 미국의 반도체 시장에서의 긍정적인 흐름에 힘입어 17만원을 돌파하며 신고가를 기록했습니다. 이는 반도체 주식 전반의 강세와 함께 SK하이닉스의 시장 기대감이 반영된 결과로, 코스피 지수도 상승세를 보였습니다.",20240308
000660',머니투데이,엔비디아 5%대 급락 'SK하이닉스 한미반도체' 국내 반도체 휘청,http://news.moneytoday.co.kr/view/mtview.php?no=2024031109164628054&type=2,엔비디아의 주가가 5% 이상 급락하면서 SK하이닉스와 같은 국내 반도체 주식들도 큰 영향을 받아 하락세를 보였다. 이로 인해 SK하이닉스의 주가는 3% 이상 하락하며 시장 전반에 부정적인 영향을 미쳤다.,20240311
000660',매일경제,“트럼프 재집권해도 한미일 협력관계 유지할 것”,http://www.mk.co.kr/article/10963455,API 오류로 인해 자동 선택됨,20240313
000660',한국경제,[사설] 주 4.5일제보다 근로시간 유연화가 먼저다,https://www.hankyung.com/article/2024031411161,API 오류로 인해 자동 선택됨,20240314
000660',이데일리,"“D램 매출서 HBM 비중, 올해 20% 넘을 것”",http://www.edaily.co.kr/news/newspath.asp?newsid=03112726638824632,"SK하이닉스가 HBM3E 양산을 본격화할 계획을 발표하며, 목표 주가를 17.7만 원에서 21만 원으로 상향 조정했다. 이 소식은 SK하이닉스의 실적 개선 기대감을 높이며, 주가에 긍정적인 영향을 미칠 것으로 예상된다.",20240318
000660',매일경제,"SK하이닉스 먼저 치고 나갔다 5세대 HBM 첫 양산, 엔비디아 납품",http://www.mk.co.kr/article/10968167,"SK하이닉스는 세계 최초로 5세대 HBM(고대역폭 메모리)의 대량 양산을 시작하고, 이 메모리를 엔비디아에 공급하기로 하였다. 이로 인해 SK하이닉스는 메모리 시장에서의 경쟁력을 더욱 강화하며, 향후 수익성 향상에 긍정적인 영향을 미칠 것으로 예상된다.",20240319
000660',매일경제,SK하이닉스 美서 SSD 신제품 공개 온디바이스 AI 위해 2배 속도 향상,http://www.mk.co.kr/article/10969367,"SK하이닉스는 차세대 메모리 기술인 HBM4의 성능을 첫 공개하며, 삼성과의 치열한 경쟁 속에서 시장의 주목을 받고 있다. 이 기술은 AI 및 고성능 컴퓨팅의 수요 증가에 부응하는 중요한 발전으로, 주가에 긍정적인 영향을 미칠 것으로 예상된다.",20240320
000660',매일경제,"SK하이닉스, 본격 AI 시대 발맞춰  고성능 고용량 메모리 양산 박차",http://www.mk.co.kr/article/10970709,"SK하이닉스가 본격적인 AI 시대에 맞춰 고성능 고용량 메모리 양산에 박차를 가하고 있다는 소식이 전해졌다. 이는 반도체 시장의 성장 기대감을 높이며, SK하이닉스의 주가에 긍정적인 영향을 미쳤을 것으로 보인다.",20240321
000660',한국경제,"WSJ ""SK하이닉스,인디애나에 5.3조 규모 칩패키징시설 건설""",https://www.hankyung.com/article/202403268255i,"SK하이닉스가 인디애나에 5.3조 원 규모의 칩 패키징 시설을 건설할 계획이라는 소식이 전해졌다. 이 뉴스는 SK하이닉스의 성장 가능성을 높이고, 반도체 산업에 대한 긍정적인 전망을 강화하여 주가에 긍정적인 영향을 미쳤을 것으로 추정된다.",20240326
000660',매일경제,HBM 승자는 결국 SK하이닉스? “주가 20% 더 오른다”,http://www.mk.co.kr/article/10975439,"SK하이닉스가 HBM(High Bandwidth Memory) 시장에서 압도적인 점유율을 기록하고 있으며, 이에 따라 주가가 20% 더 오를 것이라는 긍정적인 전망이 제시되었다. 이러한 기대감은 SK하이닉스의 성장 가능성을 높이고, 투자자들에게 긍정적인 신호로 작용하여 주가 상승에 기여했을 것으로 보인다.",20240327
000660',매일경제,“주가 무섭게 치솟네” 올해만 26% 급등에 ‘20만닉스’ 바짝,http://www.mk.co.kr/article/10976771,"SK하이닉스는 1분기 영업이익이 2.1조원으로 예상되며, 이는 시장 기대치를 상회할 것으로 보인다. 이러한 긍정적인 실적 전망은 투자자들 사이에서 SK하이닉스의 주가 상승을 이끌 것으로 예상된다.",20240328
000660',한국경제,"'밸류업' 다시 증시 띄울까 ""4월 코스피 최고 2850 예상""",https://www.hankyung.com/article/202403295380i,"SK하이닉스와 삼성전자가 1분기 흑자를 전망하며 반도체 산업의 회복세를 기대하게 하는 소식이 전해졌다. 이러한 긍정적인 전망은 주가에 긍정적인 영향을 미쳤을 것으로 보이며, 반도체 업계의 전반적인 분위기를 고조시켰다.",20240329
000660',매일경제,[코스닥 공시] 안랩 / 에이피티씨 / 스페코,http://www.mk.co.kr/article/10979664,"SK하이닉스가 회사채 수요예측에서 2.8조원을 확보하며 큰 관심을 받았다는 소식이 전해졌다. 이는 회사의 재무 안정성을 강화하고, 향후 투자 확대에 긍정적인 신호로 작용할 것으로 예상된다. 이러한 소식은 주가에 긍정적인 영향을 미쳤을 것으로 보인다.",20240401
000660',이데일리,"中, 韓에 ""올바른 판단 내리라""....반도체 수출통제 불참 요청",http://www.edaily.co.kr/news/newspath.asp?newsid=04037686638852512,"SK하이닉스의 주가는 대만에서 발생한 강진으로 인해 반사이익을 얻을 것으로 예상되며, 이는 반도체 산업의 경쟁력 강화와 관련이 있다. 이와 함께, 한국 반도체 기업들이 대만의 어려움을 통해 시장 점유율을 확대할 가능성이 제기되고 있어 주가에 긍정적인 영향을 미칠 것으로 보인다.",20240403
000660',한국경제,회사채 조달 서두르는 기업들 4월 총선 불확실성에 금리 인하 기대감 겹쳐,https://www.hankyung.com/article/202404049977r,API 오류로 인해 자동 선택됨,20240404
000660',매일경제,강진에 흔들린 TSMC...공급망 불안에 “韓 반도체 수혜”,http://www.mk.co.kr/article/10983659,대만에서 발생한 강진으로 인해 TSMC의 반도체 공급망에 불안이 커지면서 한국 반도체 기업들이 수혜를 받을 것이라는 전망이 나왔다. 이 뉴스는 SK하이닉스와 같은 한국 반도체 기업의 주가에 긍정적인 영향을 미칠 것으로 예상된다.,20240405
000660',한국경제,美물가 총선 악재에 '롤러코스터' 탄 코스피 2700선은 지켜내,https://www.hankyung.com/article/2024041147896,"SK하이닉스의 최우진 부사장이 첨단 패키징 기술이 반도체 성능 개발에 기여하고 있다고 언급하며, 이 기술이 반도체 산업의 경쟁력에 핵심적이라는 점을 강조했다. 이 뉴스는 SK하이닉스의 기술력과 미래 성장 가능성에 대한 긍정적인 신호로 해석되어 주가에 긍정적인 영향을 미쳤을 것으로 보인다.",20240411
000660',한국경제,"'기업 밸류업' 부흥, 외국인 자리 연기금이 대체할까",https://www.hankyung.com/article/202404164655i,SK하이닉스는 1분기 동안 시가총액이 30조 원 증가하며 부동의 1위 기업으로 자리매김했다. 이러한 실적 개선 기대감은 투자자들에게 긍정적인 신호로 작용하며 주가에 긍정적인 영향을 미쳤을 것으로 보인다.,20240416
000660',한국경제,"美, 마이크론에 60억弗 보조금",https://www.hankyung.com/article/2024041811891,"미국 정부가 마이크론 반도체 회사에 60억 달러의 보조금을 지급하기로 결정했다는 소식은 반도체 산업 전반에 긍정적인 영향을 미칠 것으로 예상된다. 이 보조금은 미국 내 반도체 생산을 촉진하고, SK하이닉스와 같은 경쟁업체들에게도 영향을 미쳐 주가에 긍정적인 영향을 줄 가능성이 높다.",20240418
000660',한국경제,SK하이닉스 TSMC HBM4 공동 개발 추진,https://www.hankyung.com/article/2024041940221,"SK하이닉스와 TSMC가 HBM4 공동 개발을 추진하기로 하면서, 두 회사의 기술 협력이 강화될 전망이다. 이는 HBM 시장에서의 경쟁력을 높이고, SK하이닉스의 향후 성장 가능성을 높일 것으로 기대된다.",20240419
000660',이데일리,[미리보는 이데일리 신문]갑질 막으려다 갈등만 키우는 가맹사업법,http://www.edaily.co.kr/news/newspath.asp?newsid=03417766638859400,API 오류로 인해 자동 선택됨,20240424
000660',매일경제,[대한민국 100대 CEO] 곽노정 SK하이닉스 대표이사 사장 | HBM 1등 리더십 ‘노 프라블럼’,http://www.mk.co.kr/article/11000407,API 오류로 인해 자동 선택됨,20240425
000660',이데일리,[마켓인]피치 “AI 수요에 SK하이닉스 실적 개선 신용도에 긍정적”,http://www.edaily.co.kr/news/newspath.asp?newsid=02807686638860056,"피치가 SK하이닉스의 신용도가 HBM(고대역폭 메모리) 수요 증가 덕분에 상향될 가능성이 있다고 발표했습니다. 이는 SK하이닉스의 실적 개선에 긍정적인 영향을 미칠 것으로 예상되며, 투자자들에게 신뢰를 줄 수 있는 요소로 작용할 것입니다.",20240426
000660',한국경제,[특파원 칼럼] 한 일 산업협력 '잃어버린 6년',https://www.hankyung.com/article/2024042952311,API 오류로 인해 자동 선택됨,20240429
000660',한국경제,"HBM 수요 폭증 ""내년 전체 D램 매출 중 30% 넘을 것""",https://www.hankyung.com/article/202405071432i,"미국의 반도체 산업 호조와 금리 인하 기대감이 SK하이닉스의 주가에 긍정적인 영향을 미쳤으며, 이로 인해 SK하이닉스의 주가는 4% 이상 상승했다. 이러한 외부 요인은 코스피 전체 지수에도 반영되어 대형주들이 강세를 보였다.",20240507
000660',한국경제,"코스피, 외인 '변심'에 2710선 '털썩' 삼전 다시 '7만전자'로",https://www.hankyung.com/article/2024050982826,"SK하이닉스는 온디바이스 AI용 낸드 플래시 'ZUFS 4.0'을 개발하고 3분기부터 양산할 계획을 발표했다. 이 기술은 스마트폰의 성능 향상에 기여할 것으로 기대되며, 반도체 산업 내에서 SK하이닉스의 경쟁력을 강화할 것으로 보인다. 이러한 뉴스는 주가에 긍정적인 영향을 미쳤을 가능성이 높다.",20240509
000660',매일경제,SK하이닉스 ‘아픈 손가락’ 솔리다임 웃다,http://www.mk.co.kr/article/11006722,SK하이닉스가 '아픈 손가락'으로 불리는 솔리다임의 긍정적인 성과에 대한 보도가 주목받고 있다. 이는 SK하이닉스의 주가에 긍정적인 영향을 미칠 수 있는 요소로 작용할 가능성이 높다. 반도체 산업의 경쟁력과 관련된 이슈가 주가 변동에 중요한 역할을 할 것으로 예상된다.,20240510
000660',매일경제,“금요일 4시간만 일할래요” 현대차 노조 요구 ‘설왕설래’ [재계 TALK TALK],http://www.mk.co.kr/article/11012474,API 오류로 인해 자동 선택됨,20240513
000660',한국경제,"코스피, 美 훈풍에 0.83% 상승 하이닉스 신고가 급등",https://www.hankyung.com/article/2024051630796,"엔비디아의 긍정적인 실적 발표와 반도체 시장의 회복 기대감으로 인해 SK하이닉스의 주가가 사상 최고치를 경신하며 급등세를 보였다. 이러한 외부 요인은 SK하이닉스의 주가에 큰 영향을 미쳤으며, 반도체 업계 전반에 긍정적인 신호로 작용하고 있다.",20240516
000660',매일경제,두 가문의 10년 전쟁 ‘따라쟁이’ 놀리자 손흥민은 사과를 갈아마셨다 [위클리반도체],http://www.mk.co.kr/article/11017722,API 오류로 인해 자동 선택됨,20240517
000660',한국경제,"부산 정비사업 아파트, 김해 전주 브랜드 대단지에 관심 쏠려",https://www.hankyung.com/article/2024052248361,"SK하이닉스가 HBM(고대역폭 메모리) 경쟁에서 수율 80%에 근접하며 기술적 우위를 점하고 있다는 소식이 전해졌다. 이는 반도체 시장에서의 경쟁력을 강화하고, 투자자들에게 긍정적인 신호를 주어 주가 상승에 기여했을 것으로 보인다.",20240522
000660',한국경제,아시아 '블록딜 王' 세간티 공중분해...국내 블록딜 IPO에도 파장,https://www.hankyung.com/article/202405275453r,"아시아 블록딜 시장에서 세간티의 문제가 발생하면서 국내 블록딜 및 IPO 시장에 부정적인 파장이 예상되고 있다. 이는 SK하이닉스와 같은 반도체 기업의 주가에 영향을 미칠 수 있는 중요한 이슈로, 투자자들은 향후 시장의 변동성을 주의 깊게 살펴봐야 할 것으로 보인다.",20240527
000660',매일경제,주가 부양 배당 증액 기대감에  SK 9.2% 급등,http://www.mk.co.kr/article/11029363,"SK하이닉스의 주가는 주가 부양을 위한 배당 증액 기대감에 9.2% 급등했다. 이는 투자자들에게 긍정적인 신호로 작용하며, 반도체 산업에 대한 신뢰를 높이는 데 기여했다.",20240530
000660',머니투데이,[주도 섹터 공략] PC시장도 AI로 잡는다...D램 수요 확대될까?,http://news.moneytoday.co.kr/view/mtview.php?no=2024053114587032764&type=2,"이강욱 SK하이닉스 부사장이 한국인 최초로 IEEE 전자제조기술상을 수상했다는 소식이 전해졌다. 이 상은 반도체 분야에서의 기술 혁신과 기여를 인정받은 것으로, SK하이닉스의 기술력과 시장 경쟁력을 강화하는 긍정적인 신호로 해석될 수 있다.",20240531
000660',매일경제,“똑같은 반도체 샀는데 왜 이래” 외국인 웃고 개인 우는 이유는,http://www.mk.co.kr/article/11032137,반도체 수출 호조로 인해 삼성전자와 SK하이닉스의 주가가 동반 상승했다는 소식이 전해졌다. 이는 글로벌 반도체 시장의 긍정적인 전망과 함께 한국 반도체 기업들의 경쟁력을 부각시키며 주가에 긍정적인 영향을 미쳤다.,20240603
000660',매일경제,"젠슨 황 이어 TSMC 면담 최태원 회장, AI 광폭행보",http://www.mk.co.kr/article/11035935,"SK하이닉스가 한미반도체와 1500억원 규모의 HBM 제조 장비 계약을 체결하며 주가가 급등했다. 이 계약은 SK하이닉스의 HBM 시장에서의 경쟁력을 강화하고, 향후 성장 가능성을 높이는 중요한 요소로 작용하고 있다.",20240607
000660',매일경제,“AI 반도체 다음은 AI 소프트웨어”,http://www.mk.co.kr/article/11035646,API 오류로 인해 자동 선택됨,20240611
000660',이데일리,"[단독]'中 매각' SK하이닉스 파운드리 자회사, 사명 바꾼다",http://www.edaily.co.kr/news/newspath.asp?newsid=02915926638921064,SK하이닉스의 파운드리 자회사가 중국 매각을 추진하며 사명을 변경할 예정이라는 소식이 전해졌다. 이 뉴스는 SK하이닉스의 전략적 방향성과 글로벌 반도체 시장에서의 경쟁력을 강화하는 데 중요한 영향을 미칠 것으로 보인다.,20240612
000660',머니투데이,"SK하이닉스, 6년 만에 최대 실적 전망 목표가 28만원-KB",http://news.moneytoday.co.kr/view/mtview.php?no=2024061308085991349&type=2,"SK하이닉스가 미국 반도체 시장의 긍정적인 분위기와 함께 52주 신고가를 기록하며, 6년 만에 최대 실적이 기대된다는 보도가 나왔다. 이로 인해 SK하이닉스의 주가는 상승세를 보였으며, 증권사들은 목표가를 상향 조정하는 등 긍정적인 전망을 내놓았다.",20240613
000660',매일경제,"SK하이닉스, 신고가 행진 “목표가 29.5만원” [오늘, 이 종목]",http://www.mk.co.kr/article/11044728,"SK하이닉스가 23만원을 돌파하며 사상 최고가를 경신했다는 소식이 전해졌다. 증권가는 SK하이닉스의 목표가를 29.5만원으로 상향 조정하며, 하반기에도 AI용 메모리 시장에서의 점유율 우위를 지속할 것으로 전망하고 있다. 이 뉴스는 투자자들의 긍정적인 반응을 이끌어내며 주가에 큰 영향을 미쳤을 것으로 보인다.",20240618
000660',한국경제,"[단독] SK ""글로벌 투자 전쟁서 밀리면 서든데스"" 자금 확충 총력전",https://www.hankyung.com/article/2024062008391,SK하이닉스가 글로벌 투자 전쟁에서 밀리지 않기 위해 자금 확충에 총력을 기울이고 있다는 소식이 전해졌다. 이는 반도체 산업의 경쟁이 치열해짐에 따라 SK하이닉스의 성장 가능성과 주가에 긍정적인 영향을 미칠 것으로 예상된다.,20240620
000660',한국경제,"[속보] 코스피, 2800 아래서 출발 코스닥도 소폭 '하락'",https://www.hankyung.com/article/2024062117356,"SK하이닉스의 목표가가 21.5만 원에서 30만 원으로 상향 조정되었으며, 이는 HBM(High Bandwidth Memory) 수요 증가와 일반 서버 수요의 호조에 따른 실적 기대감이 반영된 결과이다. 이러한 긍정적인 전망은 SK하이닉스의 주가에 긍정적인 영향을 미쳤을 것으로 보인다.",20240621
000660',머니투데이,"산업장관, 내달 산업계 CFE 이니셔티브 구체화 인증체계 마련 속도",http://news.moneytoday.co.kr/view/mtview.php?no=2024062411135536338&type=2,"SK하이닉스는 CEO 지원 조직을 신설하고 송현종 사장을 수장으로 임명했다. 이 뉴스는 회사의 경영 구조 변화와 리더십 강화의 신호로 해석되며, 주가에 긍정적인 영향을 미칠 것으로 예상되었다. 그러나 외부 요인인 엔비디아의 주가 급락과 외국인 매도세가 겹치면서 SK하이닉스의 주가는 4% 이상 하락했다.",20240624
000660',매일경제,엔비디아 반등에 SK하이닉스 중심 반도체 종목 高高,http://www.mk.co.kr/article/11051706,"엔비디아의 주가가 급반등하면서 SK하이닉스의 주가도 5% 상승했다. 엔비디아의 긍정적인 실적 전망이 국내 반도체 주식에 긍정적인 영향을 미치며, SK하이닉스가 다시 주목받고 있다는 분석이 이어졌다.",20240626
000660',매일경제,“허우대 큰 속빈강정이었네” 주가 띄우려면 밸류업 말고 ‘이것’ 부활해야 [나기자의 데이터로 세상읽기],http://www.mk.co.kr/article/11055436,API 오류로 인해 자동 선택됨,20240702
000660',매일경제,‘수원갈빗집’이 어쩌다가 노조 파업에 루머까지 시달리는 ‘이 기업’ [방영덕의 디테일],http://www.mk.co.kr/article/11057518,API 오류로 인해 자동 선택됨,20240703
000660',한국경제,"금감원, ‘파두 뻥튀기 상장’ SK하이닉스 2차 압수수색",https://www.hankyung.com/article/202407043040r,"금감원이 SK하이닉스에 대한 2차 압수수색을 실시하며, '파두 뻥튀기 상장'과 관련된 의혹이 제기되었다. 이로 인해 SK하이닉스의 주가에 부정적인 영향을 미칠 것으로 예상되며, 투자자들의 우려가 커지고 있다.",20240704
000660',매일경제,"D램 낸드 없어서 못판다 ""하반기 영업이익 30조 육박""",http://www.mk.co.kr/article/11060114,"삼성전자가 2분기 영업이익 10조 원을 돌파하며 깜짝 실적을 발표했다. 이로 인해 삼성전자의 주가가 상승하고, 코스피 지수도 연고점을 경신하는 등 반도체 업계 전반에 긍정적인 영향을 미쳤다. SK하이닉스 역시 삼성전자의 호실적에 힘입어 주가가 영향을 받았을 것으로 보인다.",20240705
000660',매일경제,"“국장 탈출은 지능순이라더니” 서학개미 성적표 까보니 대성공, 하반기는?",http://www.mk.co.kr/article/11062035,API 오류로 인해 자동 선택됨,20240708
000660',한국경제,네이버 배터리 베팅한 개미 '쓴잔' 반도체 車 담은 외국인 '짭짤',https://www.hankyung.com/article/2024070911421,"SK하이닉스는 2분기 영업이익이 5조 원을 넘을 것으로 예상되며, 이에 따라 목표주가가 상향 조정되었습니다. 이러한 긍정적인 실적 전망은 투자자들의 신뢰를 높이고 주가 상승에 기여할 것으로 보입니다.",20240709
000660',매일경제,美빅테크 찬바람에 韓반도체 빅2 급락,http://www.mk.co.kr/article/11065995,"미국 빅테크 기업들의 주가 하락이 한국 반도체 시장에 부정적인 영향을 미치고 있으며, SK하이닉스와 삼성전자의 주가가 급락했다. 이로 인해 코스피 지수도 하락세를 보이며 투자자들의 우려가 커지고 있다.",20240712
000660',이데일리,"삼전, 스마트폰 시장 애플 제치고 1위 소식 2%대↑[특징주]",http://www.edaily.co.kr/news/newspath.asp?newsid=02863446638954848,삼성전자가 스마트폰 시장에서 애플을 제치고 1위에 올라선 소식이 전해지며 주가가 2%대 상승세를 보였다. 이 뉴스는 반도체 산업과 관련된 SK하이닉스의 주가에도 긍정적인 영향을 미쳤을 것으로 추정된다. 삼성전자의 성장은 반도체 수요 증가에 대한 기대감을 높여 SK하이닉스와 같은 관련 기업의 주가에 긍정적인 영향을 미칠 수 있다.,20240715
000660',이데일리,"곽노정 SK하이닉스 사장, 美서 전문가 만나 AI반도체 협력 논의",http://www.edaily.co.kr/news/newspath.asp?newsid=02437046638955176,"SK하이닉스의 곽노정 CEO가 미국에서 AI 메모리의 미래 전략에 대해 논의하며, AI 반도체 분야에서의 협력 가능성을 모색하고 있다는 소식이 전해졌다. 이는 SK하이닉스의 기술력과 시장 경쟁력을 강화할 수 있는 중요한 움직임으로, 주가에 긍정적인 영향을 미칠 것으로 예상된다.",20240716
000660',매일경제,"""中에 수출하지마"" 美규제에 아시아 반도체 대장주 휘청",http://www.mk.co.kr/article/11069696,"외국인 투자자들이 SK하이닉스를 포함한 반도체 주식을 대규모로 매도하면서 주가가 5% 급락했다. 이러한 외국인의 매도세는 전체 코스피 시장에 부정적인 영향을 미치며, SK하이닉스의 주가 하락을 더욱 가속화시킨 것으로 분석된다.",20240717
000660',이데일리,[특징주]美 AI 반도체 급락 삼전 하이닉스도 '뚝',http://www.edaily.co.kr/news/newspath.asp?newsid=01722006638955832,"미국의 AI 반도체 기업들이 급락하면서 SK하이닉스와 삼성전자의 주가도 동반 하락했다. 이러한 반도체 주식의 급락은 시장 전반에 부정적인 영향을 미치며, SK하이닉스의 주가가 3% 이상 하락하는 원인이 되었다.",20240718
000660',매일경제,“총 맞더니 ‘이 남자’ 말 폭탄 무섭네” 코스피 사흘째 주르륵,http://www.mk.co.kr/article/11072000,"외국인과 기관의 동반 매도로 인해 코스피가 2800선을 하회하며 반도체 주식들이 약세를 보였다. 특히 SK하이닉스와 삼성전자가 동반 하락하면서 시장의 불안감이 커졌고, 이는 SK하이닉스의 주가에 직접적인 영향을 미쳤을 것으로 보인다.",20240719
000660',한국경제,"""SK하이닉스 팔아라"" 모건스탠리, 깜짝 전망 내놓은 이유",https://www.hankyung.com/article/202407220734i,"모건스탠리는 SK하이닉스에 대해 '팔아라'는 의견을 제시하며, 이로 인해 시장에서 하이닉스의 주가가 큰 영향을 받았다. 이러한 전망은 반도체 산업에 대한 불확실성과 함께 SK하이닉스의 주가 하락을 가속화하는 요인으로 작용하고 있다.",20240722
000660',이데일리,[특징주]2분기 실적발표 앞둔 SK하이닉스 기대감에 3%대↑,http://www.edaily.co.kr/news/newspath.asp?newsid=02328806638957800,SK하이닉스는 2분기 실적 발표를 앞두고 기대감으로 주가가 3%대 상승세를 보였다. 이는 시장에서 반도체 업종에 대한 긍정적인 전망과 함께 SK하이닉스의 실적이 기대를 초과할 것이라는 분석이 영향을 미쳤음을 나타낸다.,20240724
000660',매일경제,이젠 '미저러블 7',http://www.mk.co.kr/article/11077032,"SK하이닉스는 2분기 영업이익이 5조 원을 넘어서며 역대 최대 매출을 기록했지만, 미국 빅테크 기업들의 주가 급락에 따른 시장 불안으로 주가는 급락했다. 이러한 실적에도 불구하고 주가는 20만 원 선이 붕괴되며 투자자들의 우려를 낳았다.",20240725
000660',매일경제,신규 시설투자 계획 40.5조 역대 최대치 달성 SK하이닉스 반도체 투자에 대한항공까지,http://www.mk.co.kr/article/11079589,SK하이닉스는 역대 최대치인 40.5조 원의 신규 시설투자 계획을 발표하며 반도체 산업에 대한 강한 의지를 나타냈다. 이러한 대규모 투자 계획은 시장에서 긍정적인 반응을 이끌어내며 주가에 긍정적인 영향을 미쳤을 것으로 추정된다.,20240729
000660',한국경제,"""요즘 20대 직원 씨가 말랐습니다"" 삼성도 못 피한 고령화 [김익환의 컴퍼니워치]",https://www.hankyung.com/article/202407296181r,API 오류로 인해 자동 선택됨,20240730
000660',매일경제,中반도체공장 6곳 장비 반입 원천봉쇄,http://www.mk.co.kr/article/11081825,"중국의 반도체 공장 6곳에 대한 장비 반입이 원천봉쇄되면서, 글로벌 반도체 공급망에 큰 영향을 미칠 것으로 예상된다. 이로 인해 SK하이닉스와 같은 반도체 기업들의 주가가 상승할 가능성이 높아졌다.",20240731
000660',매일경제,“외계인 납치해 만든 반도체라고?” 세상서 가장 빠른 그래픽용D램 만든 SK하이닉스 [위클리반도체],http://www.mk.co.kr/article/11083180,API 오류로 인해 자동 선택됨,20240802
000660',한국경제,"'5대 악재'가 부른 패닉셀 韓증시, 하루만에 시총 235兆 증발",https://www.hankyung.com/article/2024080533311,"'5대 악재'가 한국 증시에 패닉셀을 유발하며 하루 만에 시가총액이 235조 원 증발했다. 외국인 투자자들이 대규모 매도에 나서면서 주가가 급락했으며, 이는 SK하이닉스와 삼성전자 등 주요 대기업 주가에도 큰 영향을 미쳤다.",20240805
000660',매일경제,내릴땐 ‘폭삭’ 오를땐 ‘찔끔’ 코스피 불신 팽배 전문가들 “그래도 믿을 건 ”,http://www.mk.co.kr/article/11086648,API 오류로 인해 자동 선택됨,20240806
000660',머니투데이,"S&P, SK하이닉스 신용등급 BBB로 상향 ""HBM 시장 선도""",http://news.moneytoday.co.kr/view/mtview.php?no=2024080720503629479&type=2,S&P가 SK하이닉스의 신용등급을 BBB로 상향 조정하며 HBM 시장에서의 선도적 위치를 강조했습니다. 이 뉴스는 SK하이닉스의 신뢰도를 높이고 투자자들에게 긍정적인 신호를 주어 주가에 긍정적인 영향을 미쳤을 것으로 추정됩니다.,20240807
000660',한국경제,"리벨리온-사피온코리아, 합병비율 2.4대 1...사명은 리벨리온",https://www.hankyung.com/article/202408080786r,API 오류로 인해 자동 선택됨,20240808
000660',한국경제,7년 만에 신용등급 오른 SK하이닉스 HBM 기술 리더십으로 신용도 ‘반전’,https://www.hankyung.com/article/202408093702r,"SK하이닉스의 신용등급이 7년 만에 상승하며, HBM 기술에서의 리더십이 신용도 개선에 기여했다는 소식이 전해졌다. 이는 투자자들에게 긍정적인 신호로 작용하며 주가에 긍정적인 영향을 미쳤을 것으로 보인다.",20240809
000660',머니투데이,열흘만에 2600선 되찾은 코스피 'R의 공포' 아직 안 끝났다,http://news.moneytoday.co.kr/view/mtview.php?no=2024081216201572755&type=2,"SK하이닉스는 ""인재가 곧 반도체 경쟁력""이라는 주제로 테크 데이를 개최하며 우수 인재 확보에 박차를 가하고 있다고 발표했다. 이 뉴스는 반도체 산업의 경쟁력 강화를 위한 인재 확보의 중요성을 강조하며, SK하이닉스의 미래 성장 가능성에 긍정적인 영향을 미칠 것으로 예상된다.",20240812
000660',매일경제,HBM 공급 과잉론 호실적에도 하이닉스 급락,http://www.mk.co.kr/article/11091564,"""HBM3E 주문량 증가에 공급 부족 전망 삼전 하이닉스 수혜""라는 뉴스는 하이닉스와 삼성전자가 HBM3E 메모리의 주문량 증가로 인해 공급 부족이 예상된다는 내용을 담고 있습니다. 이는 두 회사의 주가에 긍정적인 영향을 미칠 것으로 보이며, 특히 반도체 시장의 수요 증가가 하이닉스의 실적에 긍정적인 신호로 작용할 수 있습니다.",20240813
000660',매일경제,"무디스 ""하이닉스 현금흐름 좋아"" 신용등급 상향",http://www.mk.co.kr/article/11093068,"SK하이닉스의 '아픈 손가락'으로 알려진 솔리다임이 2분기 흑자전환에 성공했다는 소식이 전해졌다. 이는 SK하이닉스의 전반적인 실적 개선에 긍정적인 영향을 미칠 것으로 예상되며, 주가 상승에 기여할 가능성이 높다.",20240814
000660',한국경제,"[한경유레카 특징주] SK하이닉스, 2분기 실적 이상 無",https://www.hankyung.com/article/202408167003O,"SK하이닉스가 2분기 실적에서 D램 시장에서의 점유율이 크게 증가하며 긍정적인 성과를 보였다는 소식이 전해졌다. 이로 인해 SK하이닉스의 주가는 상승세를 보였으며, 반도체 산업의 호황이 회사에 긍정적인 영향을 미치고 있다는 분석이 나오고 있다.",20240816
000660',머니투데이,"SK ""AI 위한 과감한 투자 + 한국형 IRA 필요 HBM 20~30배 개선""",http://news.moneytoday.co.kr/view/mtview.php?no=2024081917142879441&type=2,"SK하이닉스는 애플과 구글 등 빅테크 기업들로부터 맞춤형 HBM(High Bandwidth Memory) 요청을 받고 있으며, 이를 통해 새로운 기회를 잘 살리겠다는 의지를 밝혔다. 이러한 소식은 반도체 산업의 성장 가능성을 높이고 SK하이닉스의 주가에 긍정적인 영향을 미칠 것으로 예상된다.",20240819
000660',매일경제,SK하이닉스 “美 빅테크 M7 모두 ‘맞춤형 HBM’ 요청”,http://www.mk.co.kr/article/11096920,"SK하이닉스는 미국의 주요 기술 기업들이 맞춤형 HBM(High Bandwidth Memory)을 요청하고 있다는 소식을 전하며, 이는 메모리 반도체 수요 증가를 시사한다. 이러한 요청은 SK하이닉스의 향후 실적에 긍정적인 영향을 미칠 것으로 예상되며, 주가 상승의 주요 요인으로 작용할 가능성이 높다.",20240820
000660',이데일리,"코스피, 외인 매수 전환에 장중 2700선 회복",http://www.edaily.co.kr/news/newspath.asp?newsid=02630566638989616,"KB증권은 SK하이닉스가 인공지능(AI) 분야에서 큰 수혜를 받을 것으로 예상하며, 6년 만에 최대 실적을 기록할 것이라고 전망했다. 이러한 긍정적인 전망은 SK하이닉스의 주가에 긍정적인 영향을 미쳤을 것으로 추정된다.",20240821
000660',머니투데이,"SK하이닉스가 4조원 투자한 일본 키옥시아, 도쿄증시 상장 신청",http://news.moneytoday.co.kr/view/mtview.php?no=2024082315553085481&type=2,"SK하이닉스가 4조원을 투자한 일본 키옥시아가 도쿄증시에 상장 신청을 하면서 SK그룹의 투자 회수에 긍정적인 신호를 주고 있다. 이는 SK하이닉스의 주가에 긍정적인 영향을 미칠 것으로 예상되며, 반도체 시장에서의 경쟁력을 강화하는 데 기여할 것으로 보인다.",20240823
000660',한국경제,"코스피, 개인 매수에 상승 출발 밸류업 2차전지 동반강세",https://www.hankyung.com/article/2024082649926,"SK하이닉스는 일본의 반도체 기업 키옥시아의 상장에 따라 최대 수혜주가 될 것으로 예상되며, 이로 인해 지분 가치가 최대 4.7조 원에 이를 것이라는 분석이 나왔다. 이는 SK하이닉스의 주가에 긍정적인 영향을 미칠 것으로 보인다.",20240826
000660',매일경제,삼성의 변화 ‘이 말’에서 시작?...“하이닉스 보면 뭘 해도 잘하고 잘됐던 옛날 우리모습이”,http://www.mk.co.kr/article/11102570,"SK하이닉스의 목표주가가 하향 조정되었으며, 이는 HBM(고대역폭 메모리) 수요 감소 우려에 기인합니다. 특히, 내년 엔비디아의 HBM 수요가 기대 이하일 것으로 전망되면서 투자자들의 신뢰가 흔들리고, 주가에 부정적인 영향을 미쳤습니다.",20240827
000660',한국경제,[데스크 칼럼] 희생이 이끄는 위대한 승리,https://www.hankyung.com/article/2024082821961,API 오류로 인해 자동 선택됨,20240828
000660',매일경제,"세계 첫 10나노급 6세대 D램 SK하이닉스, 내년 본격 양산",http://www.mk.co.kr/article/11104996,"SK하이닉스가 세계 최초로 10나노급 6세대 D램 개발에 성공했다는 뉴스는 반도체 시장에서의 기술적 우위를 강조하며, AI 반도체 분야에서도 리더십을 높일 것으로 기대된다. 이로 인해 SK하이닉스의 주가에 긍정적인 영향을 미칠 것으로 예상된다.",20240829
000660',이데일리,"코스피, ‘엔비디아 쇼크’ 덜어내나 SK하이닉스 3%↑",http://www.edaily.co.kr/news/newspath.asp?newsid=02463286638992568,'엔비디아 쇼크'가 진정세를 보이며 삼성전자와 SK하이닉스의 주가가 반등했다는 소식이 전해졌다. 이로 인해 SK하이닉스의 주가는 3% 상승하며 긍정적인 시장 반응을 이끌어냈다.,20240830
000660',한국경제,"코스피, 하락 전환 후 낙폭 늘려 2660대 마감",https://www.hankyung.com/article/2024090343286,"SK하이닉스는 차세대 HBM4E 기술을 통해 AI 칩 생태계를 확장하고, 맞춤형 HBM 솔루션을 제공함으로써 시장에서의 주도권을 이어갈 것이라고 발표했다. 이 뉴스는 SK하이닉스의 기술력과 미래 성장 가능성을 강조하며, 투자자들에게 긍정적인 신호로 작용할 수 있다.",20240903
000660',매일경제,다시 떠오른 美 침체 우려에 코스피 급락 반도체株 일제히 ‘와르르’ [이종화의 장보GO],http://www.mk.co.kr/article/11109586,"엔비디아의 주가가 급락하면서 한국과 대만, 유럽 증시에도 부정적인 영향을 미쳤고, SK하이닉스의 주가는 8% 급락했다. 이로 인해 반도체 주식에 대한 투자 심리가 위축되며, SK하이닉스의 주가 변동에 큰 영향을 미친 것으로 분석된다.",20240904
000660',한국경제,"""최고의 HBM4 출시"" 삼성, TSMC와 맞손",https://www.hankyung.com/article/2024090507151,"삼성전자가 TSMC와 협력하여 새로운 HBM4 메모리 제품을 출시하였다는 소식이 전해졌다. 이 뉴스는 반도체 시장의 경쟁을 더욱 치열하게 만들 것으로 예상되며, SK하이닉스와 같은 주요 반도체 기업의 주가에 부정적인 영향을 미칠 가능성이 크다.",20240905
000660',한국경제,"외국인 ""반도체 팔자""에 힘 못 쓰는 코스피",https://www.hankyung.com/article/2024090632081,"외국인 투자자들이 반도체 주식을 매도하는 경향이 지속되면서 코스피 지수가 하락세를 보이고 있다는 내용이다. 이러한 외국인의 매도 공세는 SK하이닉스와 같은 반도체 기업의 주가에 부정적인 영향을 미치고 있으며, 시장 전반에 불안감을 조성하고 있다.",20240906
000660',한국경제,"2배 향상 데이터센터 SSD 하이닉스, 내년 2분기 양산",https://www.hankyung.com/article/2024091132351,"미국이 한국 반도체 기업인 삼성전자와 SK하이닉스에 대해 HBM(고대역폭 메모리) 수출 통제에 동참할 것을 요구하면서, 두 회사는 이에 대한 우려와 영향을 주의 깊게 살펴보고 있다. 이러한 규제는 한국 반도체 산업에 큰 타격을 줄 수 있으며, 주가에 부정적인 영향을 미칠 가능성이 높다.",20240911
000660',이데일리,반도체 고압가스 관리기준 손본다 정부 업계 협의회 출범,http://www.edaily.co.kr/news/newspath.asp?newsid=04365686639019464,API 오류로 인해 자동 선택됨,20240912
000660',한국경제,'마이크론 비관론' 솔솔 SK하이닉스 주가에 찬물,https://www.hankyung.com/article/202409137463i,"SK하이닉스의 목표주가가 여러 증권사에서 하향 조정되었으며, 특히 3분기 실적이 시장 기대치를 하회할 것으로 전망되고 있습니다. 이러한 부정적인 전망은 SK하이닉스의 주가에 직접적인 하락 압력을 가하고 있습니다.",20240913
000660',머니투데이,[오후장 터닝포인트] 모건스탠리 리포트 너무 과하다 삼전+하이닉스 오히려 매수 기회?,http://news.moneytoday.co.kr/view/mtview.php?no=2024091912057027234&type=2,"모건스탠리가 SK하이닉스의 목표가를 반토막으로 하향 조정하면서 반도체 주식에 대한 투자 심리가 악화되었고, 이로 인해 SK하이닉스의 주가는 10% 이상 급락했다. 이 보고서는 반도체 산업의 전망에 대한 부정적인 시각을 반영하고 있으며, 투자자들에게 큰 충격을 주었다.",20240919
000660',한국경제,뒤늦은 금리 인하 훈풍에도 코스피 2600 탈환엔 실패,https://www.hankyung.com/article/2024092074686,"SK하이닉스와 대만 TSMC의 HBM(고대역폭 메모리) 공동 연구 발표가 이루어져 두 회사의 동맹이 더욱 강화되었다. 이는 반도체 시장에서의 경쟁력을 높이고, SK하이닉스의 향후 성장 가능성에 긍정적인 영향을 미칠 것으로 예상된다.",20240920
000660',매일경제,"SK하이닉스 CXL 솔루션, 세계 최대 오픈소스 탑재",http://www.mk.co.kr/article/11122471,"SK하이닉스는 CXL 솔루션에 리눅스를 탑재하여 품질을 인정받았다는 소식을 발표했습니다. 이 기술적 진전은 반도체 시장에서의 경쟁력을 강화할 것으로 기대되며, 주가에 긍정적인 영향을 미쳤을 것으로 보입니다.",20240923
000660',머니투데이,차 반도체 팔고 ○○○ 샀다 국민연금 지분 확대 종목 리스트,http://news.moneytoday.co.kr/view/mtview.php?no=2024092514085993974&type=2,SK하이닉스가 투자한 일본의 반도체 기업 키옥시아의 상장이 연기되면서 반도체 주식 전반에 약세가 나타났다. 이로 인해 SK하이닉스의 주가에도 부정적인 영향을 미쳤을 것으로 추정된다.,20240925
000660',매일경제,"하이닉스, 세계 최초로 HBM3E 12단 양산 5세대 주도권 굳혀",http://www.mk.co.kr/article/11126359,SK하이닉스가 세계 최초로 HBM3E 12단 양산에 돌입함으로써 반도체 시장에서의 주도권을 더욱 강화하고 있다는 소식이 전해졌다. 이로 인해 반도체 업계의 긍정적인 전망이 확산되며 SK하이닉스의 주가에 긍정적인 영향을 미쳤을 것으로 보인다.,20240926
000660',매일경제,초고수가 주목한 중국發 수혜주는[주식 초고수는 지금],http://www.mk.co.kr/article/11126967,"SK하이닉스가 세계 최초로 12단 HBM3E 양산에 돌입했다는 소식이 전해지며 주가가 3% 상승했다. 이 기술 혁신은 반도체 시장에서의 경쟁력을 강화할 것으로 기대되며, 투자자들의 긍정적인 반응을 이끌어냈다.",20240927
000660',이데일리,"[마켓인]삼성바이오로직스, 3년만 공모채 3조 가까이 모아",http://www.edaily.co.kr/news/newspath.asp?newsid=03637526639025368,API 오류로 인해 자동 선택됨,20240930
000660',한국경제,"한성크린텍, 512억원 규모 SK하이닉스 폐수 처리 시설 수주",https://www.hankyung.com/article/202410021253r,"SK하이닉스가 한성크린텍과 512억원 규모의 폐수 처리 시설 수주 계약을 체결했다. 이 계약은 SK하이닉스의 사업 다각화 성과로 해석되며, 반도체 산업의 지속 가능성을 높이는 데 기여할 것으로 기대된다. 이러한 긍정적인 소식은 SK하이닉스의 주가에 긍정적인 영향을 미쳤을 것으로 보인다.",20241002
000660',매일경제,‘반도체 거인’ 삼성전자가 어쩌다가...초격차 무색하게 중국까지 바짝 추격 [위클리 반도체],http://www.mk.co.kr/article/11131399,"삼성전자가 중국 반도체 기업의 추격을 받으며 초격차가 무색해지고 있다는 내용의 기사로, 이는 SK하이닉스와 같은 반도체 기업의 시장 전망에 부정적인 영향을 미칠 수 있다. 이러한 경쟁 심화는 SK하이닉스의 주가에 직접적인 영향을 미쳤을 것으로 예상된다.",20241004
000660',이데일리,"‘삼쪽이’된 삼성전자 실적 앞두고 외인은 ‘외면’, 개미는 ‘베팅’",http://www.edaily.co.kr/news/newspath.asp?newsid=03365286639050624,"엔비디아의 주가 상승과 관련된 기대감이 SK하이닉스의 주가에 긍정적인 영향을 미쳤으며, 이로 인해 SK하이닉스의 주가는 6% 상승했다. 미국의 고용 개선 소식이 전반적인 시장 분위기를 좋게 하면서 SK하이닉스의 주가 반등을 이끌었다.",20241007
000660',한국경제,'6만전자'도 간신히 지켜냈는데 뜻밖의 '11월 전망' 나왔다,https://www.hankyung.com/article/202410082432i,"삼성전자가 3분기 실적 부진을 인정하며 초유의 사과 메시지를 발표했다. 이로 인해 투자자들의 실망감이 커지면서 주가에 부정적인 영향을 미쳤고, SK하이닉스도 삼성전자의 실적 부진 여파로 주가가 하락세를 보였다.",20241008
000660',이데일리,미국 생물보안법 통과 드디어 빛 볼까? 바이오주 사이클 다시 돌아왔다,http://www.edaily.co.kr/news/newspath.asp?newsid=33925046639051608,"SK하이닉스는 창립 41주년을 맞아 AI 메모리 기술력에 대한 자신감을 강조하며, 맞춤형 AI 메모리 개발에 집중할 것이라고 발표했다. 이러한 기술적 진보와 비전은 투자자들에게 긍정적인 신호로 작용하여 주가 상승에 기여했을 것으로 보인다.",20241010
000660',머니투데이,SK하이닉스 주가 끌어내려 '220억 불법 공매도' 글로벌 투자은행 재판행,http://news.moneytoday.co.kr/view/mtview.php?no=2024101510145361903&type=2,"SK하이닉스의 주가는 글로벌 투자은행의 '220억 불법 공매도' 사건으로 인해 하락세를 보였다. 이 사건은 SK하이닉스의 주가에 부정적인 영향을 미쳤으며, 투자자들 사이에서 불안감을 조성하고 있다.",20241015
000660',한국경제,"코스피, ASML 충격에 2600선 위태 SK하이닉스 4.3% 급락",https://www.hankyung.com/article/2024101676386,"ASML의 실적 쇼크가 반도체 주식에 큰 영향을 미쳤으며, SK하이닉스는 이로 인해 4% 급락했다. ASML의 부진은 반도체 장비 수요 둔화와 관련이 있으며, 이는 SK하이닉스와 같은 주요 반도체 기업의 주가에 부정적인 영향을 미쳤다.",20241016
000660',머니투데이,美대선 누가 돼도 전망 밝다 '친환경 기업' 대표 수혜주는,http://news.moneytoday.co.kr/view/mtview.php?no=2024101714335091282&type=2,TSMC가 3분기 순익이 54% 증가한 호실적을 발표하면서 반도체 주식들이 반등세를 보였다. SK하이닉스는 TSMC의 긍정적인 실적에 힘입어 3%대 상승 마감하며 주가가 상승세를 이어갔다. 이는 반도체 업계 전반에 긍정적인 영향을 미쳤을 것으로 분석된다.,20241017
000660',머니투데이,"중국에 국가 핵심 기술 넘긴 SK하이닉스 협력사, 2심서 형량 올라",http://news.moneytoday.co.kr/view/mtview.php?no=2024101816284482669&type=2,SK하이닉스의 협력사가 중국에 국가 핵심 기술을 유출한 사건이 2심에서 형량이 증가하면서 주가에 부정적인 영향을 미쳤습니다. 이로 인해 SK하이닉스의 주가는 4% 이상 하락하며 시장에서 우려가 커졌습니다.,20241018
000660',이데일리,기존 스탁론으로 매수 어려웠던 종목도 OK? 새로운 스탁론 전격 출시 실시!,http://www.edaily.co.kr/news/newspath.asp?newsid=33928326639055216,"삼성전자의 주가 하락이 과도하다는 인식이 확산되면서, SK하이닉스의 실적이 코스피를 구해낼 수 있을지에 대한 우려가 커지고 있다. 이는 SK하이닉스의 주가에 부정적인 영향을 미칠 수 있는 요소로 작용할 가능성이 높다.",20241021
000660',이데일리,"HBM이 미래 열쇠 SK 곽노정 ""차세대 AI 메모리 성과가시화""",http://www.edaily.co.kr/news/newspath.asp?newsid=03968806639055544,"SK하이닉스의 곽노정 사장은 차세대 AI 메모리인 HBM3E 12단의 연내 출시 계획을 발표하며, 이는 회사의 미래 성장 가능성을 강조하는 중요한 발언으로 해석된다. 이 뉴스는 SK하이닉스의 기술력과 시장 경쟁력을 부각시켜 주가에 긍정적인 영향을 미쳤을 것으로 보인다.",20241022
000660',이데일리,"SK하이닉스, 직원들에 450만원 격려금 주기로 임협 재교섭 잠정합의",http://www.edaily.co.kr/news/newspath.asp?newsid=04096726639055872,"SK하이닉스는 직원들에게 450만원의 격려금을 지급하기로 잠정 합의하였으며, 이는 노사 간의 재교섭 결과로 나타났다. 이러한 결정은 직원들의 사기를 높이고, 회사의 긍정적인 이미지를 강화하는 데 기여할 것으로 예상되어 주가에 긍정적인 영향을 미쳤을 것으로 보인다.",20241023
000660',매일경제,고질병 고쳐야 K증시 반전...K증시 고전 면할까 [MONEY톡],http://www.mk.co.kr/article/11149193,API 오류로 인해 자동 선택됨,20241024
000660',이데일리,5만6000원도 내줬다 '외국인 엑소더스' 삼성전자,http://www.edaily.co.kr/news/newspath.asp?newsid=03745766639056528,"모건스탠리가 SK하이닉스의 목표가를 반토막 낸 지 한 달 만에 ""우리가 틀렸다""며 목표가를 다시 올렸다는 소식이 전해졌다. 이는 SK하이닉스의 실적 개선과 긍정적인 시장 전망을 반영한 것으로, 주가에 긍정적인 영향을 미쳤을 것으로 예상된다.",20241025
000660',이데일리,"""HBM 덕에 차입구조 개선"" SK하이닉스, 회사채 발행 나서나",http://www.edaily.co.kr/news/newspath.asp?newsid=03798246639057512,"SK하이닉스가 HBM(고대역폭 메모리) 기술을 기반으로 차입구조를 개선하기 위해 회사채 발행을 검토하고 있다는 소식이 전해졌다. 이는 회사의 재무 안정성을 높이고, 향후 성장 가능성을 높이는 긍정적인 신호로 해석되어 주가에 긍정적인 영향을 미쳤을 것으로 보인다.",20241028
000660',한국경제,[이슈프리즘] SK하이닉스와 헝그리 정신,https://www.hankyung.com/article/2024102970641,API 오류로 인해 자동 선택됨,20241029
000660',한국경제,"방향성 잃은 코스피, 2600선 아래로 고려아연 하한가",https://www.hankyung.com/article/2024103092836,"SK하이닉스가 반도체 인재를 적극적으로 유치하고 있다는 내용의 기사로, 삼성전자의 인력 이탈 우려와 함께 SK하이닉스의 성장 가능성을 강조하고 있다. 이러한 인재 확보 전략은 SK하이닉스의 경쟁력을 높이고 주가에 긍정적인 영향을 미칠 것으로 예상된다.",20241030
000660',매일경제,삼성전자 3분기 반도체 영익 3.8조 SK하이닉스 절반 수준,http://www.mk.co.kr/article/11155982,"삼성전자가 3분기 반도체 영업이익이 3.8조 원으로 SK하이닉스의 절반 수준에 그쳤다는 소식이 전해졌다. 이는 SK하이닉스의 주가에 부정적인 영향을 미쳤을 것으로 보이며, 삼성전자의 반도체 시장에서의 경쟁력 저하를 우려하게 만드는 내용이다.",20241031
000660',한국경제,"코스피, 낙폭 줄이며 2550 회복 코스닥은 1.6% '하락'",https://www.hankyung.com/article/2024110141006,SK하이닉스의 주가가 급락한 이유는 엔비디아의 공급 임박 소식이 언급되면서 반도체 시장에 대한 우려가 커졌기 때문이다. 이로 인해 SK하이닉스의 주가는 큰 영향을 받아 하락세를 보였다.,20241101
000660',머니투데이,"최태원 회장 ""삼성과 SK하이닉스, AI 접근법 달라 삼성도 성과낼 것""",http://news.moneytoday.co.kr/view/mtview.php?no=2024110414283579507&type=2,"SK하이닉스가 엔비디아의 요청에 따라 HBM4 공급을 6개월 앞당기겠다고 발표하면서 주가가 급등했다. 이는 SK하이닉스의 기술력과 시장 수요에 대한 긍정적인 신호로 해석되며, 반도체 산업 내 경쟁력을 강화하는 데 기여할 것으로 보인다.",20241104
000660',매일경제,"'AI 순항' SK텔레콤, 3분기 영업익 5333억",http://www.mk.co.kr/article/11161317,미국의 반도체 산업에 대한 보조금 폐지 우려가 커지면서 SK하이닉스와 같은 반도체 기업들이 큰 타격을 받을 수 있다는 전망이 제기되었다. 이로 인해 SK하이닉스의 주가에 부정적인 영향을 미칠 가능성이 높아 보인다.,20241106
000660',매일경제,"日 반도체 회사 키옥시아 상장, 내년 6월까지 하는 것으로 ‘또’ 연기",http://www.mk.co.kr/article/11163410,"트럼프 전 대통령의 재임 기간 동안 K-반도체 산업이 긍정적인 영향을 받을 것이라는 전망이 제기되며, SK하이닉스와 같은 한국 반도체 기업들이 이에 따른 기회를 잡을 수 있을 것이라는 내용이다. 이러한 기대감은 SK하이닉스의 주가에 긍정적인 영향을 미쳤을 것으로 보인다.",20241108
000660',한국경제,[사설] 스페이스X 우주선에 한국 배터리 기술 초격차만이 살 길,https://www.hankyung.com/article/2024111144841,API 오류로 인해 자동 선택됨,20241111
000660',매일경제,반도체 車 수출 타격 불보듯 코스피 하루에 2% 급락,http://www.mk.co.kr/article/11166458,"'무역 분쟁' 우려로 인해 삼성전자의 주가가 52주 최저가를 기록했다는 소식은 반도체 산업 전반에 부정적인 영향을 미칠 것으로 예상되며, SK하이닉스와 같은 주요 반도체 기업의 주가에도 악영향을 미칠 가능성이 크다. 이러한 상황은 투자자들에게 불안감을 조성하고, SK하이닉스의 주가 변동에 직접적인 영향을 줄 수 있다.",20241112
000660',머니투데이,"SK하이닉스 자회사 솔리다임, 122TB '세계 최대 용량' eSSD 출시",http://news.moneytoday.co.kr/view/mtview.php?no=2024111316464414828&type=2,"SK하이닉스의 자회사인 솔리다임이 세계 최대 용량인 122TB eSSD를 출시했다고 발표했습니다. 이 혁신적인 제품은 데이터 저장 및 처리 능력을 크게 향상시킬 것으로 기대되며, 반도체 산업 내 경쟁력을 강화하는 데 기여할 것으로 보입니다.",20241113
000660',머니투데이,미국서 HBM 패키징 공장 짓는 'SK하이닉스' 인디애나주 법인 설립,http://news.moneytoday.co.kr/view/mtview.php?no=2024111420513241329&type=2,"SK하이닉스가 미국 인디애나주에 HBM 패키징 공장을 설립하기 위한 법인을 설립했다. 이 결정은 SK하이닉스의 HBM4 어드밴스드 패키징 전진기지를 구축하는 중요한 단계로, 글로벌 반도체 시장에서의 경쟁력을 강화하는 데 기여할 것으로 기대된다.",20241114
000660',한국경제,"삼성전자, 파격 주주환원 ""10조 자사주 매입""",https://www.hankyung.com/article/2024111553791,"삼성전자가 10조 원 규모의 자사주 매입을 발표하며 주주 환원 정책을 강화했다. 이 소식은 투자자들 사이에서 긍정적인 반응을 이끌어내며 삼성전자의 주가에 큰 영향을 미쳤고, SK하이닉스와 같은 반도체 관련 주식에도 긍정적인 영향을 미쳤을 것으로 추정된다.",20241115
000660',이데일리,[코스피 결산]3분기 상장사 10곳 중 2곳 적자 철강금속 등 '뚝',http://www.edaily.co.kr/news/newspath.asp?newsid=03089766639087032,"SK하이닉스의 주가는 '블랙웰 발열' 우려로 인해 2% 약세를 보였다. 이 뉴스는 반도체 업계에서의 기술적 문제와 관련된 우려를 반영하며, 투자자들에게 부정적인 신호로 작용하여 주가에 직접적인 영향을 미쳤을 것으로 추정된다.",20241118
000660',한국경제,"SK하이닉스, 세계 첫 321단 낸드 양산 시작",https://www.hankyung.com/article/2024112168301,"SK하이닉스가 세계 최초로 321단 낸드 플래시 메모리 제품의 양산을 시작했다고 발표했다. 이 기술 혁신은 회사의 경쟁력을 크게 향상시킬 것으로 기대되며, 주가에 긍정적인 영향을 미쳤을 것으로 보인다.",20241121
000660',이데일리,"[특징주]SK하이닉스, 외국인 투심 돌아오나 4% 강세",http://www.edaily.co.kr/news/newspath.asp?newsid=02663366639088344,"SK하이닉스는 낸드 경쟁 심화로 인해 4분기 실적이 시장 기대치를 밑돌 것이라는 전망이 나왔으며, 이에 따라 목표가가 하향 조정되었다. 이러한 부정적인 전망은 SK하이닉스의 주가에 직접적인 영향을 미쳤을 것으로 보인다.",20241122
000660',한국경제,"류진 ""트럼프 시대, 무역 불확실성 커져 환율 1500원 갈 수도""",https://www.hankyung.com/article/2024112788021,"트럼프 측이 반도체 보조금 재검토를 시사하면서 한국 기업들이 긴장하고 있다는 내용의 뉴스입니다. 이로 인해 SK하이닉스와 삼성전자의 주가에 부정적인 영향을 미칠 것으로 예상되며, 반도체 산업 전반에 대한 불확실성이 커지고 있습니다.",20241127
000660',한국경제,"용인 푸르지오 윈클러스터 1단지, 블루밍아일랜드 워터라운지 테마공원 온 듯",https://www.hankyung.com/article/2024112801261,"미국이 대중 반도체 추가 규제를 곧 발표할 예정이며, 이로 인해 삼성과 SK하이닉스에 부정적인 영향이 불가피할 것으로 보인다. 이러한 규제는 반도체 산업의 투자 심리에 악영향을 미칠 수 있으며, SK하이닉스의 주가 변동에 중요한 요소로 작용할 가능성이 높다.",20241128
000660',이데일리,[미리보는 이데일리 신문]안전진단 넘었더니 공사비 고개 서울 재건축 올스톱,http://www.edaily.co.kr/news/newspath.asp?newsid=04047526639114912,API 오류로 인해 자동 선택됨,20241203
000660',매일경제,S&P “내년도 철강 화학 2차전지 신용등급 위태롭다”,http://www.mk.co.kr/article/11185707,비상계엄 선포와 해제 이후 외국인 투자자들이 한국 증시에서 대규모 매도를 단행하며 코스피가 1.97% 하락했다. 이러한 정치적 불안정성이 SK하이닉스와 같은 주요 기업의 주가에 부정적인 영향을 미쳤을 것으로 보인다.,20241204
000660',매일경제,"SK하이닉스,빅테크형 'C레벨' 경영 구축",http://www.mk.co.kr/article/11187032,"SK하이닉스는 AI 메모리 개발과 양산을 강화하기 위해 새로운 조직 통합을 발표하였다. 이로 인해 회사의 기술력과 시장 경쟁력이 더욱 강화될 것으로 기대되며, 이는 주가에 긍정적인 영향을 미칠 가능성이 높다.",20241205
000660',이데일리,"코스피, 23개월 만에 2400선 붕괴 '2차계엄' 우려에 투심 악화",http://www.edaily.co.kr/news/newspath.asp?newsid=02571526639115896,SK하이닉스의 주가는 장중 3%대 급락하며 17만원 선이 깨졌다는 소식이 전해졌다. 이는 외국인 투자자들의 매도세와 함께 불안정한 정치적 상황이 주가에 부정적인 영향을 미쳤음을 나타낸다.,20241206
000660',이데일리,"코스피, 탄핵 불발에 1%대 하락 외인 기관 매수도 ‘역부족’",http://www.edaily.co.kr/news/newspath.asp?newsid=01764646639116880,"탄핵 정국의 여파로 코스피가 2.78% 급락하며 연중 최저치인 2360선으로 마감했다. 이로 인해 SK하이닉스와 같은 주요 기업의 주가도 큰 영향을 받았으며, 외국인 투자자들이 대규모 매도를 단행한 상황이다.",20241209
000660',머니투데이,"용인시 ""SK하이닉스, 첫 Fab 공사에서 4500억 푼다""",http://news.moneytoday.co.kr/view/mtview.php?no=2024121216255391923&type=2,"SK하이닉스가 용인시에 첫 Fab 공사에서 4500억 원을 투자하겠다고 발표했습니다. 이 소식은 반도체 산업에 대한 긍정적인 전망을 제시하며, SK하이닉스의 성장 가능성을 높이는 요소로 작용하여 주가에 긍정적인 영향을 미쳤을 것으로 추정됩니다.",20241212
000660',머니투데이,본격적으로 돌입한 탄핵국면 그때는 개인들 뭐 샀나?,http://news.moneytoday.co.kr/view/mtview.php?no=2024121615022812442&type=2,"'탄핵안 가결'로 인한 불확실성 해소가 국내 증시에 긍정적인 영향을 미쳤으며, 개인 투자자들이 적극적으로 매수에 나섰다는 내용이다. 이로 인해 SK하이닉스와 같은 주요 종목의 주가가 강세를 보였다.",20241216
000660',머니투데이,[김도형의 내일장 홀인원] 차세대 하이패스 국산화 주도 로보틱스 분야 단계적 매출 에스오에스랩,http://news.moneytoday.co.kr/view/mtview.php?no=2024121715567028933&type=2,SK하이닉스의 주가는 미국 반도체 시장의 긍정적인 전망에 힘입어 장 초반 2%대 급등세를 보였다. 이는 미국 반도체 산업의 회복세와 관련된 훈풍이 SK하이닉스의 실적에 긍정적인 영향을 미칠 것이라는 기대감을 반영한 결과로 해석된다.,20241217
000660',머니투데이,"미국, SK하이닉스에 반도체 보조금 6640억원 지급 확정",http://news.moneytoday.co.kr/view/mtview.php?no=2024121920152465828&type=2,"미국 정부가 SK하이닉스에 6640억원 규모의 반도체 보조금을 지급하기로 확정했다. 이는 예상보다 많은 금액으로, SK하이닉스의 재정적 안정성과 경쟁력 강화에 긍정적인 영향을 미칠 것으로 보인다.",20241219
000660',매일경제,바이든의 ‘반도체 지원’ 마지막 카드...삼성전자 SK하이닉스 득실은? [위클리반도체],http://www.mk.co.kr/article/11199379,API 오류로 인해 자동 선택됨,20241220
000660',한국경제,"정국 불안에 치솟은 환율 코스피, 투심 무너지며 1%대 하락",https://www.hankyung.com/article/2024122726896,정국 불안과 고환율로 인해 코스피가 1%대 하락세를 보였다는 소식이 전해졌다. 이러한 경제적 불안정성은 투자자들의 심리를 위축시키며 SK하이닉스와 같은 주요 기업의 주가에도 부정적인 영향을 미쳤을 것으로 예상된다.,20241227
000660',한국경제,"SK하이닉스 ""AI 르네상스 주도"" 삼성 LGD, OLED 차별화",https://www.hankyung.com/article/2025010226841,"SK하이닉스는 AI 기술을 통해 반도체 산업의 혁신을 주도하겠다는 의지를 밝혔으며, 삼성과 LG디스플레이가 OLED 기술 차별화를 통해 경쟁력을 강화하고 있다는 내용을 담고 있다. 이러한 발표는 반도체 시장에 대한 긍정적인 전망을 제시하며, SK하이닉스의 주가에 긍정적인 영향을 미쳤을 것으로 보인다.",20250102
000660',한국경제,SK하이닉스 경영진 AI 메모리 청사진 제시,https://www.hankyung.com/article/2025010347871,"SK하이닉스의 경영진이 CES에서 AI 메모리 청사진을 제시하며, 회사의 미래 성장 가능성을 강조했다. 이 발표는 반도체 시장에서의 경쟁력을 높이고, 투자자들의 긍정적인 반응을 이끌어내어 주가 상승에 기여했을 것으로 보인다.",20250103
000660',매일경제,"“최태원 젠슨황 만날까” 날개 단 SK하이닉스 주가, 20만닉스로 훨훨",http://www.mk.co.kr/article/11211241,SK하이닉스의 주가는 최태원 회장과 엔비디아의 젠슨 황 CEO의 만남 기대감에 힘입어 상승세를 보였다. 이 만남이 반도체 산업의 협력과 혁신을 촉진할 것이라는 전망이 주가에 긍정적인 영향을 미쳤다.,20250106
000660',머니투데이,"CES 문 연 젠슨 황, K반도체 언급 없었다 삼성 SK하닉 주가 '뚝'",http://news.moneytoday.co.kr/view/mtview.php?no=2025010716541188347&type=2,"CES 2025에서 젠슨 황이 발표한 내용 중 K반도체에 대한 언급이 없었고, 대신 마이크론의 메모리만 거론되면서 삼성전자와 SK하이닉스의 주가가 하락세를 보였다. 이로 인해 SK하이닉스의 주가가 크게 영향을 받았으며, 시장에서는 '젠슨황 배신'이라는 반응이 나왔다.",20250107
000660',한국경제,"코스닥 로봇株, 코스피 대형주보다 거래 활발",https://www.hankyung.com/article/2025010969291,최태원 SK 회장이 엔비디아의 젠슨 황 CEO와의 회동에서 HBM(고대역폭 메모리) 개발 속도가 엔비디아의 요구를 초과하고 있다고 자신감을 드러냈다. 이 발언은 SK하이닉스의 주가에 긍정적인 영향을 미쳐 주가가 5% 가까이 상승하는 결과를 가져왔다.,20250109
000660',매일경제,"[13일 공시] 쏘카, BMW와 멤버십 서비스 운영 계약",http://www.mk.co.kr/article/11216584,"코스피가 외국인과 기관의 동반 매도로 인해 하락세를 보이며 2500선을 반납했다. 특히 SK하이닉스와 삼성전자가 동반 약세를 보였으며, 이는 미국 국채금리 급등의 여파로 분석된다. 이러한 외부 요인은 SK하이닉스의 주가에 부정적인 영향을 미쳤을 것으로 추정된다.",20250113
000660',매일경제,"“삼성전자, 여기선 TSMC 따돌렸네” 미국서 3년째 1위라는데",http://www.mk.co.kr/article/11219062,삼성전자가 미국에서 3년 연속 특허 등록 1위를 차지하며 TSMC를 따돌렸다는 소식이 전해졌다. 이 뉴스는 반도체 산업의 경쟁력을 강조하며 SK하이닉스와 같은 국내 반도체 기업들에게 긍정적인 영향을 미칠 것으로 예상된다.,20250115
000660',한국경제,"美 국채 금리 하락에 반도체株, 일제히 급등",https://www.hankyung.com/article/2025011612901,"미국 국채 금리가 하락하면서 반도체 주식이 일제히 급등하는 현상이 나타났고, SK하이닉스도 이로 인해 주가가 상승세를 보였다. 이러한 미국의 경제적 변화가 한국 증시에 긍정적인 영향을 미쳤다는 분석이 이어지고 있다.",20250116
000660',한국경제,"""스페셜티 매각까지 바쁘다"" SK그룹, 채권 CP로 2조 마련",https://www.hankyung.com/article/202501173328r,API 오류로 인해 자동 선택됨,20250117
000660',한국경제,"""韓, 美와 협상때 반도체에 집중해야""",https://www.hankyung.com/article/2025012081951,"한국이 미국과의 협상에서 반도체 분야에 집중해야 한다는 주장이 제기되었다. 이는 SK하이닉스와 같은 반도체 기업들에게 긍정적인 신호로 작용할 수 있으며, 미국의 반도체 지원 정책이 지속될 경우 SK하이닉스의 주가에 긍정적인 영향을 미칠 것으로 예상된다.",20250120
000660',한국경제,'성과급 1450%' 제안에 SK하이닉스 노조 반응이 '깜짝',https://www.hankyung.com/article/2025012111997,"SK하이닉스 노조가 성과급 1450% 지급 제안에 대해 긍정적인 반응을 보였으나, 더 많은 성과급을 요구하며 협상에 나섰다는 내용이다. 이는 SK하이닉스의 실적 개선과 관련된 기대감을 높이며, 주가에 긍정적인 영향을 미쳤을 것으로 보인다.",20250121
000660',이데일리,역대 최대 실적 달성 'SK하이닉스' 성과급 1500% 쏜다,http://www.edaily.co.kr/news/newspath.asp?newsid=03870406642040344,"SK하이닉스는 역대 최대 실적을 달성하며 기본급의 1500%에 해당하는 성과급을 지급하기로 결정했다. 이는 직원들의 사기를 높이고 회사의 긍정적인 재무 상태를 반영하는 것으로, 주가에 긍정적인 영향을 미쳤을 것으로 예상된다.",20250122
000660',매일경제,"“국장에 우량주가 어딨어” 시총 2위 하이닉스, AI 거품론에 하루 10% 추락",http://www.mk.co.kr/article/11229787,"SK하이닉스의 주가는 '딥시크 충격'으로 인해 하루 10% 급락했다. 이 뉴스는 AI 거품론과 함께 반도체 시장의 불확실성을 부각시키며, 투자자들의 우려를 증폭시켰다.",20250131
000660',이데일리,AI칩 로봇 '공격 투자' 발판 중단됐던 초대형 M&A 기대감,http://www.edaily.co.kr/news/newspath.asp?newsid=03667046642066912,"SK하이닉스는 '딥시크'의 충격으로 인해 골드만삭스의 최선호주에서 제외되었으며, 이는 반도체 주식에 대한 부정적인 시장 반응을 초래했다. 이러한 상황은 반도체 산업 전반에 대한 우려를 증폭시켜 SK하이닉스의 주가에 큰 영향을 미쳤다.",20250203
000660',매일경제,“이공계 인재들 갈아넣겠다고? NO!”...주52시간 예외 조항 뜨거운 이유 [방영덕의 디테일],http://www.mk.co.kr/article/11232932,API 오류로 인해 자동 선택됨,20250205
000660',이데일리,"신성이엔지, 지난해 영업익 54억 전년비 27%↓",http://www.edaily.co.kr/news/newspath.asp?newsid=04277126642067896,"SK하이닉스가 메모리 업계 최초로 글로벌 자동차 산업 정보 보안 인증인 TISAX를 획득했다. 이 인증은 자동차 산업의 정보 보안 기준을 충족하는 것으로, SK하이닉스의 기술력과 신뢰성을 강화하며, 향후 자동차 반도체 시장에서의 경쟁력을 높일 것으로 기대된다.",20250206
000660',이데일리,금융株 ‘딥 시크발 쇼크’에 남몰래 웃는 이유는?,http://www.edaily.co.kr/news/newspath.asp?newsid=33905366642069208,"트럼프 대통령이 예고한 '상호 관세' 정책이 자동차와 반도체 산업에 대한 우려를 불러일으키고 있으며, 이는 SK하이닉스와 삼성전자와 같은 주요 반도체 기업의 주가에 부정적인 영향을 미칠 것으로 예상된다. 이러한 관세 전쟁의 확전 양상은 시장 전반에 불확실성을 더하고 있다.",20250210
000660',머니투데이,"[탑픽전쟁] 보로노이 vs 삼성E&A, 승리 전략은?",http://news.moneytoday.co.kr/view/mtview.php?no=2025021320227032668&type=2,API 오류로 인해 자동 선택됨,20250213
000660',한국경제,"SK하이닉스 곽노정 ""中 딥시크 등장, HBM에 큰 기회""",https://www.hankyung.com/article/202502196829i,API 오류로 인해 자동 선택됨,20250219
000660',머니투데이,"코스피 코스닥 하락 마감 ""매물 소화 과정, 악재 아냐""",http://news.moneytoday.co.kr/view/mtview.php?no=2025022015471670940&type=2,이준석이 SK하이닉스를 방문하여 '주52시간 예외' 적용에 대한 동의를 언급하며 맞춤형 솔루션의 필요성을 강조했다. 이 뉴스는 SK하이닉스의 운영 환경 개선과 관련된 정책적 변화 가능성을 시사하여 주가에 긍정적인 영향을 미쳤을 것으로 추정된다.,20250220
000660',한국경제,SK하이닉스 곽노정 “AI 진화하면서 어느 때보다 책임감 커져”,https://www.hankyung.com/article/202502210925i,"SK하이닉스의 곽노정 대표는 AI 기술의 진화가 반도체 산업에 미치는 영향과 한국의 핵심 역할에 대해 강조하며, AI의 발전에 따른 책임감이 커지고 있음을 언급했다. 이는 반도체 산업의 미래 성장 가능성을 시사하며, SK하이닉스의 주가에 긍정적인 영향을 미쳤을 것으로 보인다.",20250221
000660',이데일리,美 경기 우려에 반도체 급락 삼전 하이닉스↓[특징주],http://www.edaily.co.kr/news/newspath.asp?newsid=01653126642073800,"미국 경기 둔화에 대한 우려가 커지면서 반도체 주식이 급락했으며, SK하이닉스와 삼성전자가 동반 하락세를 보였다. 이러한 외부 요인은 코스피 전체에 부정적인 영향을 미쳐 주가 하락을 초래했다.",20250224
000660',매일경제,"SK하이닉스, 용인 클러스터 1기팹 첫삽",http://www.mk.co.kr/article/11250149,"SK하이닉스가 용인 클러스터의 1기 팹 착공을 발표하며 차세대 D램 생산 거점으로의 도약을 알렸다. 이 뉴스는 반도체 산업의 성장 가능성을 높이고, SK하이닉스의 주가에 긍정적인 영향을 미쳤을 것으로 예상된다.",20250225
000660',이데일리,"한권환 SK하이닉스 부사장 ""HBM 수요대응 양산환경 구축 목표""",http://www.edaily.co.kr/news/newspath.asp?newsid=03729366642074456,"SK하이닉스의 부사장이 HBM(고대역폭 메모리) 수요에 대응하기 위한 최적의 양산 환경 구축 목표를 밝혔다. 이는 반도체 시장에서의 경쟁력을 강화하고, 향후 수익성에 긍정적인 영향을 미칠 것으로 예상된다.",20250226
000660',머니투데이,"D램 점유율, 삼성전자 1위 SK하이닉스, 2.7%P 차이 추격",http://news.moneytoday.co.kr/view/mtview.php?no=2025022716560966616&type=2,"SK하이닉스가 삼성전자의 D램 점유율을 2.7%P 차이로 추격하고 있다는 소식이 전해졌다. 이는 SK하이닉스의 시장 경쟁력을 강조하며, 투자자들에게 긍정적인 신호로 작용할 가능성이 있다. 이러한 경쟁 구도는 SK하이닉스의 주가에 긍정적인 영향을 미칠 것으로 예상된다.",20250227
000660',한국경제,[속보] '관세 엔비디아 쇼크' 겹악재에 국내 증시 '와르르',https://www.hankyung.com/article/2025022862286,"미국의 관세 전쟁 우려와 엔비디아의 급락이 겹치면서 국내 증시가 큰 폭으로 하락하였고, SK하이닉스의 주가는 3.6% 하락했다. 이러한 외부 요인은 투자자들의 불안감을 증대시켜 외국인과 기관의 대규모 매도를 촉발시켰다.",20250228
000660',머니투데이,"SK하이닉스, HBM 공급 확대에 미국 매출 2배 이상 '껑충'",http://news.moneytoday.co.kr/view/mtview.php?no=2025030417504466054&type=2,SK하이닉스가 HBM(고대역폭 메모리) 공급을 확대하면서 미국 매출이 지난해보다 2배 이상 증가했다고 발표했다. 이는 SK하이닉스의 실적 개선에 긍정적인 영향을 미쳐 주가 상승에 기여했을 것으로 보인다.,20250304
000660',머니투데이,"채찍 한 번, 당근 한 번 한국 '들었다 놨다' 한 트럼프",http://news.moneytoday.co.kr/view/mtview.php?no=2025030513362818723&type=2,"트럼프 전 대통령이 한국의 관세가 미국의 4배에 달한다고 언급하며 한국 반도체 산업에 대한 압박을 가하고, 이는 SK하이닉스와 삼성전자에 부정적인 영향을 미칠 수 있다는 우려를 불러일으켰다. 반도체 업계는 이러한 발언에 대해 긴장감을 느끼고 있으며, 관세율과 보조금 폐지에 대한 우려가 커지고 있다.",20250305
000660',매일경제,"美, 中'범용 반도체' 규제 돌입 韓 불똥 촉각",http://www.mk.co.kr/article/11260265,"미국이 중국의 범용 반도체에 대한 규제를 강화할 계획을 세우면서 한국 기업들이 긴장하고 있다는 내용이다. 이러한 제재가 SK하이닉스와 같은 한국 반도체 기업에 미치는 영향이 우려되며, 시장에서의 불확실성이 커질 것으로 예상된다.",20250310
000660',매일경제,"‘하이닉스 6%↑’ 반도체 훈풍에 코스피, 2570대 안착",http://www.mk.co.kr/article/11262065,SK하이닉스의 주가는 반도체 수요 회복 신호에 힘입어 6% 상승하며 코스피가 2570대에 안착했다. 외국인 투자자들의 대규모 매수로 인해 하이닉스의 주가는 급등하며 시장 전반에 긍정적인 영향을 미쳤다.,20250312
000660',매일경제,"한화세미텍, SK하이닉스에 HBM용 TC본더 첫 공급...“엔비디아 공급체인 합류”",http://www.mk.co.kr/article/11264413,API 오류로 인해 자동 선택됨,20250314
000660',이데일리,외인 개인 공방 끝에 2610선 안착 2거래일째 상승[코스피 마감],http://www.edaily.co.kr/news/newspath.asp?newsid=03860566642104632,"SK하이닉스는 'HBM 인재' 확보에 총력을 기울이며 AI 메모리 시장에서의 주도권을 강화하고 있다는 소식이 전해졌다. 이는 반도체 산업의 회복과 성장 가능성을 시사하며, SK하이닉스의 주가에 긍정적인 영향을 미쳤을 것으로 보인다.",20250318
000660',매일경제,"모건스탠리 또 무안하겠네 SK하이닉스, HBM4 세계 최초 12단 샘플 공개",http://www.mk.co.kr/article/11268311,SK하이닉스는 세계 최초로 HBM4 12단 샘플을 공개하며 반도체 시장에서의 기술적 우위를 강조했습니다. 이 뉴스는 SK하이닉스의 혁신적인 기술력과 경쟁력을 부각시켜 주가에 긍정적인 영향을 미쳤을 것으로 보입니다.,20250319
000660',한국경제,"[다산칼럼] 삼성전자, 소니 전철 밟지 않으려면",https://www.hankyung.com/article/2025032078931,API 오류로 인해 자동 선택됨,20250320
000660',매일경제,"SK하이닉스, 美 HBM 공장 조성 '삐끗'",http://www.mk.co.kr/article/11270263,SK하이닉스의 미국 HBM 공장 조성에 대한 계획이 예상보다 더디게 진행되고 있다는 소식이 전해졌다. 이로 인해 투자자들은 회사의 성장 가능성에 대한 우려를 표출하며 주가에 부정적인 영향을 미쳤을 것으로 추정된다.,20250321
000660',매일경제,삼전 하이닉스도 출퇴근길 거래...넥스트레이드 종목 확대,http://www.mk.co.kr/article/11271923,SK하이닉스와 삼성전자가 미국 마이크론의 마진 우려로 인해 동반 약세를 보였다는 소식이 전해졌다. 이로 인해 반도체 업계의 불확실성이 커지면서 SK하이닉스의 주가에 부정적인 영향을 미쳤을 것으로 추정된다.,20250324
000660',한국경제,외국인 돌아왔다 삼성전자 하이닉스 집중매수,https://www.hankyung.com/article/2025032579631,"외국인 투자자들이 삼성전자와 SK하이닉스를 집중적으로 매수하며 주가 상승에 긍정적인 영향을 미쳤다는 내용의 기사입니다. 이는 외국인 자금의 유입이 반도체 주식에 대한 신뢰를 반영하고 있으며, SK하이닉스의 주가 변동에 중요한 요인으로 작용했을 것으로 추정됩니다.",20250325
000660',이데일리,반도체 훈풍에 대기업 영업익 66%↑ 삼성 하이닉스 57조↑,http://www.edaily.co.kr/news/newspath.asp?newsid=01928646642107256,"반도체 산업의 호황으로 인해 대기업의 영업이익이 크게 증가할 것으로 예상되며, 삼성과 SK하이닉스의 영업이익이 각각 57조 원에 이를 것으로 보인다. 이는 반도체 시장의 긍정적인 전망과 관련이 있으며, SK하이닉스의 주가에 긍정적인 영향을 미칠 것으로 예상된다.",20250326
000660',머니투데이,"SK하이닉스, HBM 선두 굳히기 불황 없는 메모리 사업 구축한다",http://news.moneytoday.co.kr/view/mtview.php?no=2025032714390334156&type=2,"SK하이닉스는 올해 HBM(고대역폭 메모리) 물량이 이미 완판되었으며, 내년 물량에 대한 협의도 상반기 내에 마무리될 것이라고 발표했다. 이는 SK하이닉스의 불황 없는 수익 구조를 강화하는 긍정적인 신호로 해석되며, 주가에 긍정적인 영향을 미쳤을 것으로 보인다.",20250327
000660',이데일리,美 관세 압박에 이틀새 시총 86조 증발 1.89% 급락[코스피 마감],http://www.edaily.co.kr/news/newspath.asp?newsid=04001606642107912,SK하이닉스가 인텔의 낸드 사업부 인수를 마무리하며 SSD 시장에서의 입지를 강화하고 있다는 소식이 전해졌다. 이 뉴스는 반도체 산업의 경쟁력 향상과 함께 SK하이닉스의 미래 성장 가능성을 높이는 긍정적인 요소로 작용할 수 있다.,20250328
000660',이데일리,[포토]반도체 산업 현장방문한 한덕수 권한대행,http://www.edaily.co.kr/news/newspath.asp?newsid=03801526642108896,"공매도 재개 첫날, 외국인 투자자들이 대거 이탈하면서 코스피가 급락했다. 특히, 미국의 관세 우려와 공매도가 겹치며 SK하이닉스와 같은 대형주들이 큰 타격을 입었고, SK하이닉스의 주가는 3% 이상 하락했다. 이러한 상황은 시장 전반에 불안감을 조성하며 주가 변동성을 높였다.",20250331
000660',이데일리,"[미리보는 이데일리 신문]내우외환 속 금융위기급 고환율, 외환방파제도 위태",http://www.edaily.co.kr/news/newspath.asp?newsid=05261126642131856,API 오류로 인해 자동 선택됨,20250401
000660',이데일리,최악의 '상호관세' 시나리오에 프리마켓 급락세,http://www.edaily.co.kr/news/newspath.asp?newsid=01954886642132512,"미국의 상호관세 발표로 인해 SK하이닉스의 주가가 4% 급락하며 시장의 우려가 커졌다. 이 발표는 반도체 산업에 대한 불확실성을 증대시켰고, 이에 따라 SK하이닉스와 삼성전자의 주가가 큰 영향을 받았다.",20250403
000660',머니투데이,"코스피, 尹 대통령 파면 선고 이후 하락 다시 2500선 밑으로",http://news.moneytoday.co.kr/view/mtview.php?no=2025040411432632544&type=2,"트럼프가 반도체에 대한 관세 부과를 예고하면서 SK하이닉스의 주가가 4% 급락했다. 이 뉴스는 반도체 산업에 대한 우려를 증대시켜 투자자들의 매도세를 촉발했으며, 시장 전반에 부정적인 영향을 미쳤다.",20250404
000660',이데일리,美 투자해도 관세 트럼프 관세공식 깨져 혼란 커진 기업들,http://www.edaily.co.kr/news/newspath.asp?newsid=01193926642133824,트럼프 대통령이 반도체에 대한 관세 부과를 예고하면서 SK하이닉스와 삼성전자의 주가가 급락했다. 이로 인해 코스피도 5% 이상 하락하며 투자자들의 우려가 커졌다. 이러한 관세 폭탄의 여파로 반도체 주식들이 큰 타격을 입었다.,20250407
000660',한국경제,"""SK하이닉스, 현 주가 우려 상당부분 반영 매수 기회"" -키움",https://www.hankyung.com/article/2025040865556,"삼성전자의 1분기 영업이익이 예상치를 초과하며 6.6조원을 기록한 가운데, SK하이닉스의 주가도 4% 상승했다. 이는 반도체 시장에 대한 긍정적인 전망과 함께 SK하이닉스의 실적 개선 기대감을 반영한 결과로 분석된다.",20250408
000660',매일경제,"SK하이닉스, D램 세계 1위 등극",http://www.mk.co.kr/article/11287265,SK하이닉스가 D램 시장에서 세계 1위에 등극했다는 소식은 투자자들에게 긍정적인 신호로 작용하며 주가에 큰 영향을 미쳤다. 이는 회사의 시장 점유율 증가와 함께 반도체 산업 내 경쟁력을 강화하는 중요한 이정표로 평가된다.,20250409
000660',이데일리,"프리마켓서 삼성전자 7%, SK하이닉스 12% 급등 출발",http://www.edaily.co.kr/news/newspath.asp?newsid=01823686642134808,"미국의 트럼프 대통령이 상호관세 유예를 발표함에 따라 국내 반도체주가 급등세를 보였다. 이로 인해 SK하이닉스의 주가는 14% 상승하며 시장에서 큰 주목을 받았고, 코스피 지수도 5% 이상 상승하여 2400선을 회복했다.",20250410
000660',이데일리,관세 폭풍에 휘청이는 증시...투자자들의 발걸음은 경기방어주로,http://www.edaily.co.kr/news/newspath.asp?newsid=33895526642135136,"엔비디아가 삼성전자를 제치고 글로벌 반도체 매출 1위에 올라, SK하이닉스는 4위로 등극했다. 이는 반도체 시장에서의 경쟁이 심화되고 있음을 나타내며, SK하이닉스의 주가에 부정적인 영향을 미쳤을 것으로 추정된다.",20250411
000660',한국경제,"美, 대중 반도체 수출 규제 SK하이닉스 3% 하락",https://www.hankyung.com/article/2025041644826,"미국 정부의 대중 반도체 수출 규제로 인해 SK하이닉스의 주가가 3% 하락했다는 소식이 전해졌다. 이 규제는 SK하이닉스와 같은 국내 반도체 기업들에게 부정적인 영향을 미치며, 시장 전반에 걸쳐 반도체 주식의 약세를 초래하고 있다.",20250416
000660',한국경제,"'트럼프 폭주' 불안감 전이된 코스피, 외국인 매수에도 약보합",https://www.hankyung.com/article/2025042267496,"엔비디아의 주가가 100달러 아래로 하락하면서 국내 반도체주인 SK하이닉스와 삼성전자도 동반 약세를 보였다. 이로 인해 SK하이닉스의 주가에 부정적인 영향을 미쳤으며, 반도체 산업 전반에 대한 우려가 커졌다.",20250422
000660',머니투데이,"""곧 시장 열린다"" SK하이닉스, CXL 기반 DDR5 '고객 인증' 완료(종합)",http://news.moneytoday.co.kr/view/mtview.php?no=2025042314464478483&type=2,"SK하이닉스는 CXL 기반 DDR5 메모리의 고객 인증을 완료하며 차세대 메모리 시장에서의 선점을 가속화하고 있다. 이 뉴스는 반도체 업계의 경쟁 심화와 함께 SK하이닉스의 기술적 우위를 강조하며, 주가에 긍정적인 영향을 미쳤을 것으로 추정된다.",20250423
000660',이데일리,"추가 투자금, 신용미수 대환 자금을 신청 당일 즉시! DSR 무관!",http://www.edaily.co.kr/news/newspath.asp?newsid=33905366642139400,"SK하이닉스는 1분기 영업이익이 7조4405억원으로 전년 대비 157.8% 증가했다고 발표하며, 이는 역대급 실적을 기록한 것으로 평가받고 있다. 이러한 실적 향상은 HBM(고대역폭 메모리) 수요의 증가와 관련이 있으며, 회사는 올해 HBM 수요가 두 배로 증가할 것으로 전망하고 있다.",20250424
000660',이데일리,"“韓, 신용도 아직은 굳건 연말 기준금리 1.75% 인하 전망”",http://www.edaily.co.kr/news/newspath.asp?newsid=03220966642139728,"SK하이닉스는 TSMC 기술 심포지엄에 참가하여 HBM4 기술을 선보이며 업계의 주목을 받았다. 이로 인해 SK하이닉스의 기술력과 시장 경쟁력이 강조되었고, 이는 주가에 긍정적인 영향을 미쳤을 것으로 추정된다.",20250425
000660',이데일리,이재명 “‘압도적 기술’로 ‘세계 1등’ 반도체 국가 만들 것”,http://www.edaily.co.kr/news/newspath.asp?newsid=03509606642140712,"이재명 대선 후보가 SK하이닉스를 방문하여 반도체 산업의 중요성을 강조하며, 국내 생산 반도체에 대한 10% 세액공제를 공약으로 발표했다. 이 공약은 반도체 산업의 경쟁력 강화를 목표로 하며, SK하이닉스와 같은 기업에 긍정적인 영향을 미칠 것으로 예상된다.",20250428
000660',매일경제,SK하이닉스 1분기 영익 7.5조인데 삼성전자는 6.7조,http://www.mk.co.kr/article/11306069,"SK하이닉스는 1분기 영업이익이 7.5조 원으로 발표되었으며, 이는 삼성전자의 6.7조 원을 초과하는 수치입니다. 이러한 실적은 SK하이닉스의 시장 경쟁력을 강화하고 주가에 긍정적인 영향을 미쳤을 것으로 예상됩니다.",20250430
000660',머니투데이,[메가사이클] 역성장 美 경제 경기침체 시작됐나?,http://news.moneytoday.co.kr/view/mtview.php?no=2025050212417099445&type=2,"SK하이닉스의 주가는 외국인 투자자들이 4% 상승하며 18만원대를 회복한 것에 큰 영향을 받았다. 이는 외국인들의 매수세가 강해지고 있다는 신호로, SK하이닉스에 대한 긍정적인 시장 전망을 반영하고 있다.",20250502
000660',머니투데이,"SK하이닉스, 미 반도체 공장 용도 변경 '승인' 부지 더 넓어져",http://news.moneytoday.co.kr/view/mtview.php?no=2025050713520216261&type=2,"SK하이닉스의 전 직원이 중국 회사로 이직하기 위해 반도체 기술을 유출하려다 구속 기소되었다. 이 사건은 SK하이닉스의 기술 유출 문제를 부각시키며, 회사의 신뢰도와 주가에 부정적인 영향을 미칠 가능성이 있다.",20250507
000660',머니투데이,시작된 대선 레이스 '반도체 주 52시간제 예외' 정책 공방 전망,http://news.moneytoday.co.kr/view/mtview.php?no=2025051216040018371&type=2,SK하이닉스가 대만 '컴퓨텍스' 개막을 앞두고 2%대 강세를 보였다는 소식이 전해졌다. 이 뉴스는 반도체 산업에 대한 긍정적인 전망과 함께 SK하이닉스의 주가에 직접적인 영향을 미쳤을 것으로 보인다.,20250512
000660',머니투데이,"""공급이 수요 못 따라가"" DDR5 가격 상승에 삼성 SK하닉 '훈풍'",http://news.moneytoday.co.kr/view/mtview.php?no=2025051314453589036&type=2,"미중 관세 완화에 대한 기대감이 커지면서 SK하이닉스의 주가가 한 달 만에 20만원대를 돌파했습니다. 이는 반도체 산업에 긍정적인 영향을 미치고 있으며, 외국인 투자자들의 매수세가 강해지고 있다는 점에서 주가 상승의 주요 원인으로 작용하고 있습니다.",20250513
000660',한국경제,"""서울 문턱 너무 높아요"" 30대, 인천에 집 샀다",https://www.hankyung.com/article/2025051411616,"SK하이닉스의 주가는 엔비디아의 급등 소식에 힘입어 3%대 상승세를 보였으며, 장중 20만원을 돌파하는 등 긍정적인 반응을 보였다. 이는 반도체 산업에 대한 시장의 기대감이 높아진 것을 반영하며, SK하이닉스의 주가 재평가 가능성을 시사한다.",20250514
000660',매일경제,"SK하이닉스 효과 ‘톡톡’...SK스퀘어, 1분기 영업익 400% 증가",http://www.mk.co.kr/article/11318203,"SK하이닉스의 호실적이 SK스퀘어에 긍정적인 영향을 미쳐, SK스퀘어의 1분기 영업이익이 400% 증가했다. 이는 SK하이닉스의 지분법 이익 증가에 기인하며, 반도체 산업의 회복세와 외국인 투자자의 관심을 불러일으키는 데 기여하고 있다.",20250515
000660',머니투데이,"한미반도체, SK하이닉스 TC본더 다시 공급...한화세미텍도 계약",http://news.moneytoday.co.kr/view/mtview.php?no=2025051617012328306&type=2,"한미반도체가 SK하이닉스에 428억원 규모의 TC 본더를 공급하기로 계약을 체결했다. 이는 SK하이닉스의 반도체 생산에 중요한 역할을 할 것으로 예상되며, 공급 계약 재개 소식이 주가에 긍정적인 영향을 미쳤을 것으로 보인다.",20250516
000660',이데일리,"코스피, ‘美 신용등급 강등’ 여파 내림세에 2600선 턱걸이 코스닥 약세",http://www.edaily.co.kr/news/newspath.asp?newsid=03053686642170560,"미국의 신용등급이 강등되면서 코스피가 2600선을 붕괴하고 코스닥도 약세를 보였다. 이로 인해 시장 전반에 부정적인 영향을 미쳤으며, SK하이닉스와 같은 반도체 기업의 주가에도 부정적인 압력이 가해졌을 것으로 예상된다.",20250519
000660',한국경제,"루크 반 덴 호브 회장 ""AI 한계 넘으려면 반도체 구조 재창조해야""",https://www.hankyung.com/article/2025052052101,"엔비디아가 'AI 생태계 확장'을 발표하면서 SK하이닉스의 주가가 하루 만에 20만원선으로 회복했다. 이는 SK하이닉스가 엔비디아의 신제품에 따른 수혜를 받을 것이라는 기대감이 반영된 결과로, 투자자들의 관심이 집중되고 있다.",20250520
000660',한국경제,"SK하이닉스, 세계 최초 321단 낸드플래시 개발",https://www.hankyung.com/article/2025052203741,"SK하이닉스는 세계 최초로 321단 낸드플래시를 개발했다고 발표했다. 이 혁신적인 기술은 반도체 시장에서의 경쟁력을 강화하고, 모바일 기기 및 데이터 저장 솔루션의 성능을 향상시킬 것으로 기대된다. 이러한 개발은 SK하이닉스의 주가에 긍정적인 영향을 미쳤을 것으로 보인다.",20250522
000660',머니투데이,"""SK하이닉스, 하반기도 HBM 기반 실적 차별화 지속될 것""-NH",http://news.moneytoday.co.kr/view/mtview.php?no=2025052308362496186&type=2,"NH투자증권은 SK하이닉스가 하반기에도 HBM(High Bandwidth Memory) 기반의 실적 차별화를 지속할 것이라고 전망했습니다. 이는 SK하이닉스의 반도체 시장에서의 경쟁력을 강조하며, 투자자들에게 긍정적인 신호로 작용할 가능성이 높습니다.",20250523
000660',이데일리,"""관세發 사재기 수요 끝물"" DDR5 D램값 떨어진다",http://www.edaily.co.kr/news/newspath.asp?newsid=03240646642172856,"DDR5 D램 가격이 하락할 것이라는 전망이 나오면서 SK하이닉스의 주가에 부정적인 영향을 미칠 가능성이 커졌다. 이는 관세로 인한 사재기 수요가 끝나가고 있다는 분석과 관련이 있으며, 시장의 공급 과잉 우려를 반영하고 있다.",20250526
000660',머니투데이,"코스피, 美 증시 훈풍에 장중 연고점 경신",http://news.moneytoday.co.kr/view/mtview.php?no=2025052817081593320&type=2,엔비디아의 실적 발표에 대한 기대감으로 삼성전자와 SK하이닉스의 주가가 동반 상승했다. 이로 인해 SK하이닉스의 주가는 2% 상승하며 긍정적인 시장 반응을 이끌어냈다. 엔비디아와의 관계가 SK하이닉스의 성장 전망에 긍정적인 영향을 미치고 있음을 보여준다.,20250528
000660',머니투데이,수원시 이재준호 13번째 유치 연매출 3000억 반도체 장비기업 온다,http://news.moneytoday.co.kr/view/mtview.php?no=2025052915272515398&type=2,"엔비디아의 CEO 젠슨 황이 AI 인프라에 대한 수요가 강하다고 언급하면서 SK하이닉스에 대한 기대감이 높아졌다. 이는 반도체 산업 전반에 긍정적인 영향을 미치며, SK하이닉스의 주가 상승에 기여할 것으로 예상된다.",20250529
000660',이데일리,"SK하이닉스, ‘트럼프 관세’ 일시복원에 1%대 약세[특징주]",http://www.edaily.co.kr/news/newspath.asp?newsid=02164806642174168,"SK하이닉스는 '트럼프 관세'의 일시 복원으로 인해 1%대 약세를 보였다. 이 뉴스는 반도체 산업에 대한 불확실성을 증가시켜 주가에 부정적인 영향을 미쳤으며, 특히 SK하이닉스와 같은 기업의 주가는 이러한 외부 요인에 민감하게 반응할 수 있다.",20250530
000660',매일경제,SK하이닉스 이천 본사 주변에 둥지 튼 이 회사들...“HBM 기술 요구사항 실시간 대응”,http://www.mk.co.kr/article/11332870,SK하이닉스가 차세대 HBM 기술을 위한 'M15X 초순수시설' 시운전을 시작하며 기술 개발에 순항하고 있다는 소식이 전해졌다. 이 뉴스는 SK하이닉스의 기술력 향상과 향후 시장 경쟁력에 긍정적인 영향을 미칠 것으로 예상되어 주가에 큰 영향을 미쳤을 것으로 보인다.,20250602
000660',머니투데이,"[김도형의 럭키7] '건물일체형 태양광' 시장 진출 본격화, 신정부의 에너지고속도로사업 수혜 기대 '지투파워'",http://news.moneytoday.co.kr/view/mtview.php?no=2025060415087052305&type=2,"SK하이닉스가 엔비디아의 주가 상승에 힘입어 D램 시장에서 점유율 1위를 기록하며 주가가 5% 이상 급등했다. 이는 반도체 업계의 긍정적인 전망을 반영하며, SK하이닉스의 시장 지배력 강화에 대한 기대감을 높이고 있다.",20250604
000660',이데일리,"퓨쳐하이테크, HBM 검사장비 사상 최대 실적 기대 ""캐파 증설 중""",http://www.edaily.co.kr/news/newspath.asp?newsid=03873686642198768,"SK하이닉스가 33년 만에 D램 시장에서 점유율 1위를 탈환하며 주가가 연중 최고점을 기록했다. 이로 인해 투자자들의 긍정적인 반응이 이어졌고, 반도체 산업 내 경쟁력 강화에 대한 기대감이 높아졌다.",20250605
000660',이데일리,[미리보는 이데일리 신문] “엄빠보다 불행 우리 얘기는 아무도 안 들어줘”,http://www.edaily.co.kr/news/newspath.asp?newsid=04316486642200080,API 오류로 인해 자동 선택됨,20250609
000660',한국경제,관세전쟁 뚫은 SK하이닉스에 이달 반도체 수출 22% 증가,https://www.hankyung.com/article/202506117930i,"SK하이닉스는 관세 전쟁에도 불구하고 이달 반도체 수출이 22% 증가했다고 발표했다. 이는 반도체 산업의 긍정적인 전망을 시사하며, SK하이닉스의 주가에 긍정적인 영향을 미쳤을 것으로 보인다.",20250611
000660',이데일리,[미리보는 이데일리 신문] 원화 스테이블코인 없인 통화주권 위태,http://www.edaily.co.kr/news/newspath.asp?newsid=04874086642201064,API 오류로 인해 자동 선택됨,20250612
000660',머니투데이,"[투자 알고리즘] 하이닉스, 엔비디아에 HBM4 납품 시작",http://news.moneytoday.co.kr/view/mtview.php?no=2025061613227041437&type=2,"SK하이닉스가 엔비디아에 HBM4 납품을 시작하면서 반도체 시장에서의 입지를 강화하고, 메모리 가격 상승으로 인해 2분기 실적 개선이 기대된다는 내용이다. 이는 SK하이닉스의 주가에 긍정적인 영향을 미칠 것으로 보인다.",20250616
000660',머니투데이,"SK하이닉스, 2분기 영업익 9兆 전망 목표가 '30만원'-대신",http://news.moneytoday.co.kr/view/mtview.php?no=2025061808502933992&type=2,"SK하이닉스는 2분기 영업이익이 9조 원에 이를 것으로 전망되며, 목표 주가는 30만 원으로 상향 조정되었습니다. 이러한 긍정적인 실적 전망은 SK하이닉스의 주가에 긍정적인 영향을 미쳤을 것으로 보입니다.",20250618
000660',매일경제,"“드디어 삼천피” 코스피, 3년 6개월 만에 3000선 안착",http://www.mk.co.kr/article/11348292,"SK하이닉스에 대한 '파격 전망'이 제시되며, 2년 뒤 90조 원의 수익을 예상하고 있다는 내용이 보도되었다. 이는 SK하이닉스의 주가에 긍정적인 영향을 미칠 것으로 보이며, 특히 AI 및 반도체 시장의 성장 가능성을 반영한 전망이다.",20250620
000660',한국경제,'한두 번 속나?' 국장 못 믿겠다더니 속 새까맣게 타는 개미들,https://www.hankyung.com/article/2025062471751,"SK하이닉스는 청주에 7번째 후공정 라인을 구축하며 HBM(고대역폭 메모리) 확충에 나선다고 발표했다. 이는 반도체 시장의 경쟁력을 강화하고, SK하이닉스의 성장 가능성을 높이는 중요한 투자로 평가된다.",20250624
000660',머니투데이,"SK하이닉스 장중 29만원 돌파, 시총 210조 넘겼다 반도체주 랠리",http://news.moneytoday.co.kr/view/mtview.php?no=2025062509024857644&type=2,SK하이닉스가 미국 반도체 시장의 긍정적인 분위기 속에서 주가가 4% 이상 상승하며 또 다시 신고가를 기록했다는 소식이 전해졌다. 이러한 상승세는 반도체 업황 반등 기대감과 함께 외국인 투자자들의 매수세가 뒷받침된 결과로 분석된다.,20250625
